PRAGMA foreign_keys=OFF;
BEGIN TRANSACTION;
CREATE TABLE IF NOT EXISTS "django_migrations" ("id" integer NOT NULL PRIMARY KEY AUTOINCREMENT, "app" varchar(255) NOT NULL, "name" varchar(255) NOT NULL, "applied" datetime NOT NULL);
INSERT INTO django_migrations VALUES(1,'contenttypes','0001_initial','2024-07-04 07:51:24.556488');
INSERT INTO django_migrations VALUES(2,'auth','0001_initial','2024-07-04 07:51:24.583910');
INSERT INTO django_migrations VALUES(3,'admin','0001_initial','2024-07-04 07:51:24.607336');
INSERT INTO django_migrations VALUES(4,'admin','0002_logentry_remove_auto_add','2024-07-04 07:51:24.637860');
INSERT INTO django_migrations VALUES(5,'admin','0003_logentry_add_action_flag_choices','2024-07-04 07:51:24.653697');
INSERT INTO django_migrations VALUES(6,'contenttypes','0002_remove_content_type_name','2024-07-04 07:51:24.691104');
INSERT INTO django_migrations VALUES(7,'auth','0002_alter_permission_name_max_length','2024-07-04 07:51:24.717638');
INSERT INTO django_migrations VALUES(8,'auth','0003_alter_user_email_max_length','2024-07-04 07:51:24.742516');
INSERT INTO django_migrations VALUES(9,'auth','0004_alter_user_username_opts','2024-07-04 07:51:24.762647');
INSERT INTO django_migrations VALUES(10,'auth','0005_alter_user_last_login_null','2024-07-04 07:51:24.786338');
INSERT INTO django_migrations VALUES(11,'auth','0006_require_contenttypes_0002','2024-07-04 07:51:24.793979');
INSERT INTO django_migrations VALUES(12,'auth','0007_alter_validators_add_error_messages','2024-07-04 07:51:24.818723');
INSERT INTO django_migrations VALUES(13,'auth','0008_alter_user_username_max_length','2024-07-04 07:51:24.841312');
INSERT INTO django_migrations VALUES(14,'auth','0009_alter_user_last_name_max_length','2024-07-04 07:51:24.876963');
INSERT INTO django_migrations VALUES(15,'auth','0010_alter_group_name_max_length','2024-07-04 07:51:24.894683');
INSERT INTO django_migrations VALUES(16,'auth','0011_update_proxy_permissions','2024-07-04 07:51:24.912021');
INSERT INTO django_migrations VALUES(17,'auth','0012_alter_user_first_name_max_length','2024-07-04 07:51:24.933654');
INSERT INTO django_migrations VALUES(18,'cms','0001_initial','2024-07-04 07:51:24.963844');
INSERT INTO django_migrations VALUES(19,'cms','0002_profile','2024-07-04 07:51:24.988196');
INSERT INTO django_migrations VALUES(20,'cms','0003_alter_profile_user','2024-07-04 07:51:25.002832');
INSERT INTO django_migrations VALUES(21,'sessions','0001_initial','2024-07-04 07:51:25.018659');
INSERT INTO django_migrations VALUES(22,'cms','0004_activity_place_placeactivity_place_activities','2024-07-04 09:00:37.830110');
INSERT INTO django_migrations VALUES(23,'cms','0005_tag_type_alter_activity_data_and_more','2024-07-04 10:00:54.294548');
INSERT INTO django_migrations VALUES(24,'cms','0006_district_province_alter_activity_data_and_more','2024-07-04 10:20:37.948348');
INSERT INTO django_migrations VALUES(25,'csvimport','0001_initial','2024-07-04 10:57:47.043363');
INSERT INTO django_migrations VALUES(26,'csvimport','0002_alter_csvimport_id_alter_csvimport_model_name_and_more','2024-07-04 12:04:16.041950');
CREATE TABLE IF NOT EXISTS "auth_group_permissions" ("id" integer NOT NULL PRIMARY KEY AUTOINCREMENT, "group_id" integer NOT NULL REFERENCES "auth_group" ("id") DEFERRABLE INITIALLY DEFERRED, "permission_id" integer NOT NULL REFERENCES "auth_permission" ("id") DEFERRABLE INITIALLY DEFERRED);
CREATE TABLE IF NOT EXISTS "auth_user_groups" ("id" integer NOT NULL PRIMARY KEY AUTOINCREMENT, "user_id" integer NOT NULL REFERENCES "auth_user" ("id") DEFERRABLE INITIALLY DEFERRED, "group_id" integer NOT NULL REFERENCES "auth_group" ("id") DEFERRABLE INITIALLY DEFERRED);
CREATE TABLE IF NOT EXISTS "auth_user_user_permissions" ("id" integer NOT NULL PRIMARY KEY AUTOINCREMENT, "user_id" integer NOT NULL REFERENCES "auth_user" ("id") DEFERRABLE INITIALLY DEFERRED, "permission_id" integer NOT NULL REFERENCES "auth_permission" ("id") DEFERRABLE INITIALLY DEFERRED);
CREATE TABLE IF NOT EXISTS "django_admin_log" ("id" integer NOT NULL PRIMARY KEY AUTOINCREMENT, "object_id" text NULL, "object_repr" varchar(200) NOT NULL, "action_flag" smallint unsigned NOT NULL CHECK ("action_flag" >= 0), "change_message" text NOT NULL, "content_type_id" integer NULL REFERENCES "django_content_type" ("id") DEFERRABLE INITIALLY DEFERRED, "user_id" integer NOT NULL REFERENCES "auth_user" ("id") DEFERRABLE INITIALLY DEFERRED, "action_time" datetime NOT NULL);
INSERT INTO django_admin_log VALUES(1,'1','csv/District_MDI5jXm.csv',1,'[{"added": {}}]',16,1,'2024-07-04 10:58:07.598219');
INSERT INTO django_admin_log VALUES(2,'25','District object (25)',3,'',14,1,'2024-07-04 11:04:43.369536');
INSERT INTO django_admin_log VALUES(3,'24','District object (24)',3,'',14,1,'2024-07-04 11:04:43.385153');
INSERT INTO django_admin_log VALUES(4,'23','District object (23)',3,'',14,1,'2024-07-04 11:04:43.397094');
INSERT INTO django_admin_log VALUES(5,'22','District object (22)',3,'',14,1,'2024-07-04 11:04:43.406556');
INSERT INTO django_admin_log VALUES(6,'21','District object (21)',3,'',14,1,'2024-07-04 11:04:43.414986');
INSERT INTO django_admin_log VALUES(7,'20','District object (20)',3,'',14,1,'2024-07-04 11:04:43.427442');
INSERT INTO django_admin_log VALUES(8,'19','District object (19)',3,'',14,1,'2024-07-04 11:04:43.439094');
INSERT INTO django_admin_log VALUES(9,'18','District object (18)',3,'',14,1,'2024-07-04 11:04:43.456472');
INSERT INTO django_admin_log VALUES(10,'17','District object (17)',3,'',14,1,'2024-07-04 11:04:43.468583');
INSERT INTO django_admin_log VALUES(11,'16','District object (16)',3,'',14,1,'2024-07-04 11:04:43.481376');
INSERT INTO django_admin_log VALUES(12,'15','District object (15)',3,'',14,1,'2024-07-04 11:04:43.490613');
INSERT INTO django_admin_log VALUES(13,'14','District object (14)',3,'',14,1,'2024-07-04 11:04:43.501670');
INSERT INTO django_admin_log VALUES(14,'13','District object (13)',3,'',14,1,'2024-07-04 11:04:43.517241');
INSERT INTO django_admin_log VALUES(15,'12','District object (12)',3,'',14,1,'2024-07-04 11:04:43.536303');
INSERT INTO django_admin_log VALUES(16,'11','District object (11)',3,'',14,1,'2024-07-04 11:04:43.548034');
INSERT INTO django_admin_log VALUES(17,'10','District object (10)',3,'',14,1,'2024-07-04 11:04:43.554917');
INSERT INTO django_admin_log VALUES(18,'9','District object (9)',3,'',14,1,'2024-07-04 11:04:43.562042');
INSERT INTO django_admin_log VALUES(19,'8','District object (8)',3,'',14,1,'2024-07-04 11:04:43.570618');
INSERT INTO django_admin_log VALUES(20,'7','District object (7)',3,'',14,1,'2024-07-04 11:04:43.581003');
INSERT INTO django_admin_log VALUES(21,'6','District object (6)',3,'',14,1,'2024-07-04 11:04:43.590076');
INSERT INTO django_admin_log VALUES(22,'5','District object (5)',3,'',14,1,'2024-07-04 11:04:43.601457');
INSERT INTO django_admin_log VALUES(23,'4','District object (4)',3,'',14,1,'2024-07-04 11:04:43.612050');
INSERT INTO django_admin_log VALUES(24,'3','District object (3)',3,'',14,1,'2024-07-04 11:04:43.622384');
INSERT INTO django_admin_log VALUES(25,'2','District object (2)',3,'',14,1,'2024-07-04 11:04:43.632955');
INSERT INTO django_admin_log VALUES(26,'1','District object (1)',3,'',14,1,'2024-07-04 11:04:43.642336');
INSERT INTO django_admin_log VALUES(27,'2','csv/District_p60cZsk.csv',1,'[{"added": {}}]',16,1,'2024-07-04 11:07:18.541625');
INSERT INTO django_admin_log VALUES(28,'26','District object (26)',1,'[{"added": {}}]',14,1,'2024-07-04 11:07:46.121529');
INSERT INTO django_admin_log VALUES(29,'27','District object (27)',1,'[{"added": {}}]',14,1,'2024-07-04 11:08:31.147027');
INSERT INTO django_admin_log VALUES(30,'27','District object (27)',3,'',14,1,'2024-07-04 11:08:45.932375');
INSERT INTO django_admin_log VALUES(31,'26','District object (26)',3,'',14,1,'2024-07-04 11:08:45.940702');
INSERT INTO django_admin_log VALUES(32,'25','District object (25)',3,'',14,1,'2024-07-04 11:08:45.950204');
INSERT INTO django_admin_log VALUES(33,'24','District object (24)',3,'',14,1,'2024-07-04 11:08:45.958562');
INSERT INTO django_admin_log VALUES(34,'23','District object (23)',3,'',14,1,'2024-07-04 11:08:45.969028');
INSERT INTO django_admin_log VALUES(35,'22','District object (22)',3,'',14,1,'2024-07-04 11:08:45.978233');
INSERT INTO django_admin_log VALUES(36,'21','District object (21)',3,'',14,1,'2024-07-04 11:08:45.989327');
INSERT INTO django_admin_log VALUES(37,'20','District object (20)',3,'',14,1,'2024-07-04 11:08:45.999441');
INSERT INTO django_admin_log VALUES(38,'19','District object (19)',3,'',14,1,'2024-07-04 11:08:46.006816');
INSERT INTO django_admin_log VALUES(39,'18','District object (18)',3,'',14,1,'2024-07-04 11:08:46.016351');
INSERT INTO django_admin_log VALUES(40,'17','District object (17)',3,'',14,1,'2024-07-04 11:08:46.023077');
INSERT INTO django_admin_log VALUES(41,'16','District object (16)',3,'',14,1,'2024-07-04 11:08:46.032961');
INSERT INTO django_admin_log VALUES(42,'15','District object (15)',3,'',14,1,'2024-07-04 11:08:46.040054');
INSERT INTO django_admin_log VALUES(43,'14','District object (14)',3,'',14,1,'2024-07-04 11:08:46.051834');
INSERT INTO django_admin_log VALUES(44,'13','District object (13)',3,'',14,1,'2024-07-04 11:08:46.060642');
INSERT INTO django_admin_log VALUES(45,'12','District object (12)',3,'',14,1,'2024-07-04 11:08:46.067967');
INSERT INTO django_admin_log VALUES(46,'11','District object (11)',3,'',14,1,'2024-07-04 11:08:46.075952');
INSERT INTO django_admin_log VALUES(47,'10','District object (10)',3,'',14,1,'2024-07-04 11:08:46.085223');
INSERT INTO django_admin_log VALUES(48,'9','District object (9)',3,'',14,1,'2024-07-04 11:08:46.094601');
INSERT INTO django_admin_log VALUES(49,'8','District object (8)',3,'',14,1,'2024-07-04 11:08:46.101803');
INSERT INTO django_admin_log VALUES(50,'7','District object (7)',3,'',14,1,'2024-07-04 11:08:46.108352');
INSERT INTO django_admin_log VALUES(51,'6','District object (6)',3,'',14,1,'2024-07-04 11:08:46.116486');
INSERT INTO django_admin_log VALUES(52,'5','District object (5)',3,'',14,1,'2024-07-04 11:08:46.125161');
INSERT INTO django_admin_log VALUES(53,'4','District object (4)',3,'',14,1,'2024-07-04 11:08:46.135159');
INSERT INTO django_admin_log VALUES(54,'3','District object (3)',3,'',14,1,'2024-07-04 11:08:46.143201');
INSERT INTO django_admin_log VALUES(55,'2','District object (2)',3,'',14,1,'2024-07-04 11:08:46.152120');
INSERT INTO django_admin_log VALUES(56,'1','District object (1)',3,'',14,1,'2024-07-04 11:08:46.160585');
INSERT INTO django_admin_log VALUES(57,'3','csv/District_Pk2KzDR.csv',1,'[{"added": {}}]',16,1,'2024-07-04 11:10:38.490681');
INSERT INTO django_admin_log VALUES(58,'0','District object (0)',3,'',14,1,'2024-07-04 11:11:22.942052');
INSERT INTO django_admin_log VALUES(59,'4','csv/Province.csv',1,'[{"added": {}}]',16,1,'2024-07-04 11:12:44.154942');
INSERT INTO django_admin_log VALUES(60,'5','csv/Tag.csv',1,'[{"added": {}}]',16,1,'2024-07-04 11:16:52.405026');
INSERT INTO django_admin_log VALUES(61,'6','csv/Type.csv',1,'[{"added": {}}]',16,1,'2024-07-04 11:19:19.376574');
INSERT INTO django_admin_log VALUES(62,'0','Type object (0)',3,'',13,1,'2024-07-04 11:19:42.807198');
INSERT INTO django_admin_log VALUES(63,'7','csv/Type_w5NUG2B.csv',1,'[{"added": {}}]',16,1,'2024-07-04 11:20:28.646341');
INSERT INTO django_admin_log VALUES(64,'0','Type object (0)',3,'',13,1,'2024-07-04 11:20:46.394011');
INSERT INTO django_admin_log VALUES(65,'8','csv/Type_whWuY7v.csv',1,'[{"added": {}}]',16,1,'2024-07-04 11:22:18.629846');
INSERT INTO django_admin_log VALUES(66,'0','Type object (0)',3,'',13,1,'2024-07-04 11:28:40.277401');
INSERT INTO django_admin_log VALUES(67,'9','csv/Type_nokqvE6.csv',1,'[{"added": {}}]',16,1,'2024-07-04 11:29:14.609425');
INSERT INTO django_admin_log VALUES(68,'10','csv/Places.csv',1,'[{"added": {}}]',16,1,'2024-07-04 11:36:41.349487');
INSERT INTO django_admin_log VALUES(69,'0','Place object (0)',3,'',11,1,'2024-07-04 11:37:56.327213');
INSERT INTO django_admin_log VALUES(70,'11','csv/Places_9NXGMHI.csv',1,'[{"added": {}}]',16,1,'2024-07-04 11:39:31.819193');
INSERT INTO django_admin_log VALUES(71,'12','csv/Places_tgdoeQb.csv',1,'[{"added": {}}]',16,1,'2024-07-04 11:43:32.126027');
INSERT INTO django_admin_log VALUES(72,'100','Place object (100)',3,'',11,1,'2024-07-04 11:44:00.567526');
INSERT INTO django_admin_log VALUES(73,'99','Place object (99)',3,'',11,1,'2024-07-04 11:44:00.575395');
INSERT INTO django_admin_log VALUES(74,'98','Place object (98)',3,'',11,1,'2024-07-04 11:44:00.583346');
INSERT INTO django_admin_log VALUES(75,'97','Place object (97)',3,'',11,1,'2024-07-04 11:44:00.588649');
INSERT INTO django_admin_log VALUES(76,'96','Place object (96)',3,'',11,1,'2024-07-04 11:44:00.594897');
INSERT INTO django_admin_log VALUES(77,'95','Place object (95)',3,'',11,1,'2024-07-04 11:44:00.601493');
INSERT INTO django_admin_log VALUES(78,'94','Place object (94)',3,'',11,1,'2024-07-04 11:44:00.610275');
INSERT INTO django_admin_log VALUES(79,'93','Place object (93)',3,'',11,1,'2024-07-04 11:44:00.615844');
INSERT INTO django_admin_log VALUES(80,'92','Place object (92)',3,'',11,1,'2024-07-04 11:44:00.622159');
INSERT INTO django_admin_log VALUES(81,'91','Place object (91)',3,'',11,1,'2024-07-04 11:44:00.626959');
INSERT INTO django_admin_log VALUES(82,'90','Place object (90)',3,'',11,1,'2024-07-04 11:44:00.634177');
INSERT INTO django_admin_log VALUES(83,'89','Place object (89)',3,'',11,1,'2024-07-04 11:44:00.638441');
INSERT INTO django_admin_log VALUES(84,'88','Place object (88)',3,'',11,1,'2024-07-04 11:44:00.642812');
INSERT INTO django_admin_log VALUES(85,'87','Place object (87)',3,'',11,1,'2024-07-04 11:44:00.648358');
INSERT INTO django_admin_log VALUES(86,'86','Place object (86)',3,'',11,1,'2024-07-04 11:44:00.652822');
INSERT INTO django_admin_log VALUES(87,'85','Place object (85)',3,'',11,1,'2024-07-04 11:44:00.656833');
INSERT INTO django_admin_log VALUES(88,'84','Place object (84)',3,'',11,1,'2024-07-04 11:44:00.662684');
INSERT INTO django_admin_log VALUES(89,'83','Place object (83)',3,'',11,1,'2024-07-04 11:44:00.667189');
INSERT INTO django_admin_log VALUES(90,'82','Place object (82)',3,'',11,1,'2024-07-04 11:44:00.672458');
INSERT INTO django_admin_log VALUES(91,'81','Place object (81)',3,'',11,1,'2024-07-04 11:44:00.678776');
INSERT INTO django_admin_log VALUES(92,'80','Place object (80)',3,'',11,1,'2024-07-04 11:44:00.683943');
INSERT INTO django_admin_log VALUES(93,'79','Place object (79)',3,'',11,1,'2024-07-04 11:44:00.688532');
INSERT INTO django_admin_log VALUES(94,'78','Place object (78)',3,'',11,1,'2024-07-04 11:44:00.693528');
INSERT INTO django_admin_log VALUES(95,'77','Place object (77)',3,'',11,1,'2024-07-04 11:44:00.700566');
INSERT INTO django_admin_log VALUES(96,'76','Place object (76)',3,'',11,1,'2024-07-04 11:44:00.705153');
INSERT INTO django_admin_log VALUES(97,'75','Place object (75)',3,'',11,1,'2024-07-04 11:44:00.711239');
INSERT INTO django_admin_log VALUES(98,'74','Place object (74)',3,'',11,1,'2024-07-04 11:44:00.716257');
INSERT INTO django_admin_log VALUES(99,'73','Place object (73)',3,'',11,1,'2024-07-04 11:44:00.721039');
INSERT INTO django_admin_log VALUES(100,'72','Place object (72)',3,'',11,1,'2024-07-04 11:44:00.727081');
INSERT INTO django_admin_log VALUES(101,'71','Place object (71)',3,'',11,1,'2024-07-04 11:44:00.731405');
INSERT INTO django_admin_log VALUES(102,'70','Place object (70)',3,'',11,1,'2024-07-04 11:44:00.737604');
INSERT INTO django_admin_log VALUES(103,'69','Place object (69)',3,'',11,1,'2024-07-04 11:44:00.743620');
INSERT INTO django_admin_log VALUES(104,'68','Place object (68)',3,'',11,1,'2024-07-04 11:44:00.750109');
INSERT INTO django_admin_log VALUES(105,'67','Place object (67)',3,'',11,1,'2024-07-04 11:44:00.755379');
INSERT INTO django_admin_log VALUES(106,'66','Place object (66)',3,'',11,1,'2024-07-04 11:44:00.760103');
INSERT INTO django_admin_log VALUES(107,'65','Place object (65)',3,'',11,1,'2024-07-04 11:44:00.765351');
INSERT INTO django_admin_log VALUES(108,'64','Place object (64)',3,'',11,1,'2024-07-04 11:44:00.770325');
INSERT INTO django_admin_log VALUES(109,'63','Place object (63)',3,'',11,1,'2024-07-04 11:44:00.775357');
INSERT INTO django_admin_log VALUES(110,'62','Place object (62)',3,'',11,1,'2024-07-04 11:44:00.780625');
INSERT INTO django_admin_log VALUES(111,'61','Place object (61)',3,'',11,1,'2024-07-04 11:44:00.787817');
INSERT INTO django_admin_log VALUES(112,'60','Place object (60)',3,'',11,1,'2024-07-04 11:44:00.794307');
INSERT INTO django_admin_log VALUES(113,'59','Place object (59)',3,'',11,1,'2024-07-04 11:44:00.798857');
INSERT INTO django_admin_log VALUES(114,'58','Place object (58)',3,'',11,1,'2024-07-04 11:44:00.804113');
INSERT INTO django_admin_log VALUES(115,'57','Place object (57)',3,'',11,1,'2024-07-04 11:44:00.809142');
INSERT INTO django_admin_log VALUES(116,'56','Place object (56)',3,'',11,1,'2024-07-04 11:44:00.815254');
INSERT INTO django_admin_log VALUES(117,'55','Place object (55)',3,'',11,1,'2024-07-04 11:44:00.820813');
INSERT INTO django_admin_log VALUES(118,'54','Place object (54)',3,'',11,1,'2024-07-04 11:44:00.829155');
INSERT INTO django_admin_log VALUES(119,'53','Place object (53)',3,'',11,1,'2024-07-04 11:44:00.834339');
INSERT INTO django_admin_log VALUES(120,'52','Place object (52)',3,'',11,1,'2024-07-04 11:44:00.839785');
INSERT INTO django_admin_log VALUES(121,'51','Place object (51)',3,'',11,1,'2024-07-04 11:44:00.845402');
INSERT INTO django_admin_log VALUES(122,'50','Place object (50)',3,'',11,1,'2024-07-04 11:44:00.849977');
INSERT INTO django_admin_log VALUES(123,'49','Place object (49)',3,'',11,1,'2024-07-04 11:44:00.856380');
INSERT INTO django_admin_log VALUES(124,'48','Place object (48)',3,'',11,1,'2024-07-04 11:44:00.863107');
INSERT INTO django_admin_log VALUES(125,'47','Place object (47)',3,'',11,1,'2024-07-04 11:44:00.867653');
INSERT INTO django_admin_log VALUES(126,'46','Place object (46)',3,'',11,1,'2024-07-04 11:44:00.873131');
INSERT INTO django_admin_log VALUES(127,'45','Place object (45)',3,'',11,1,'2024-07-04 11:44:00.878646');
INSERT INTO django_admin_log VALUES(128,'44','Place object (44)',3,'',11,1,'2024-07-04 11:44:00.883641');
INSERT INTO django_admin_log VALUES(129,'43','Place object (43)',3,'',11,1,'2024-07-04 11:44:00.888143');
INSERT INTO django_admin_log VALUES(130,'42','Place object (42)',3,'',11,1,'2024-07-04 11:44:00.894355');
INSERT INTO django_admin_log VALUES(131,'41','Place object (41)',3,'',11,1,'2024-07-04 11:44:00.901656');
INSERT INTO django_admin_log VALUES(132,'40','Place object (40)',3,'',11,1,'2024-07-04 11:44:00.907284');
INSERT INTO django_admin_log VALUES(133,'39','Place object (39)',3,'',11,1,'2024-07-04 11:44:00.913347');
INSERT INTO django_admin_log VALUES(134,'38','Place object (38)',3,'',11,1,'2024-07-04 11:44:00.919607');
INSERT INTO django_admin_log VALUES(135,'37','Place object (37)',3,'',11,1,'2024-07-04 11:44:00.928596');
INSERT INTO django_admin_log VALUES(136,'36','Place object (36)',3,'',11,1,'2024-07-04 11:44:00.934095');
INSERT INTO django_admin_log VALUES(137,'35','Place object (35)',3,'',11,1,'2024-07-04 11:44:00.939306');
INSERT INTO django_admin_log VALUES(138,'34','Place object (34)',3,'',11,1,'2024-07-04 11:44:00.944875');
INSERT INTO django_admin_log VALUES(139,'33','Place object (33)',3,'',11,1,'2024-07-04 11:44:00.949877');
INSERT INTO django_admin_log VALUES(140,'32','Place object (32)',3,'',11,1,'2024-07-04 11:44:00.955718');
INSERT INTO django_admin_log VALUES(141,'31','Place object (31)',3,'',11,1,'2024-07-04 11:44:00.962480');
INSERT INTO django_admin_log VALUES(142,'30','Place object (30)',3,'',11,1,'2024-07-04 11:44:00.971765');
INSERT INTO django_admin_log VALUES(143,'29','Place object (29)',3,'',11,1,'2024-07-04 11:44:00.977014');
INSERT INTO django_admin_log VALUES(144,'28','Place object (28)',3,'',11,1,'2024-07-04 11:44:00.983354');
INSERT INTO django_admin_log VALUES(145,'27','Place object (27)',3,'',11,1,'2024-07-04 11:44:00.988671');
INSERT INTO django_admin_log VALUES(146,'26','Place object (26)',3,'',11,1,'2024-07-04 11:44:00.994358');
INSERT INTO django_admin_log VALUES(147,'25','Place object (25)',3,'',11,1,'2024-07-04 11:44:01.002192');
INSERT INTO django_admin_log VALUES(148,'24','Place object (24)',3,'',11,1,'2024-07-04 11:44:01.008581');
INSERT INTO django_admin_log VALUES(149,'23','Place object (23)',3,'',11,1,'2024-07-04 11:44:01.017849');
INSERT INTO django_admin_log VALUES(150,'22','Place object (22)',3,'',11,1,'2024-07-04 11:44:01.024400');
INSERT INTO django_admin_log VALUES(151,'21','Place object (21)',3,'',11,1,'2024-07-04 11:44:01.031428');
INSERT INTO django_admin_log VALUES(152,'20','Place object (20)',3,'',11,1,'2024-07-04 11:44:01.037076');
INSERT INTO django_admin_log VALUES(153,'19','Place object (19)',3,'',11,1,'2024-07-04 11:44:01.045090');
INSERT INTO django_admin_log VALUES(154,'18','Place object (18)',3,'',11,1,'2024-07-04 11:44:01.052718');
INSERT INTO django_admin_log VALUES(155,'17','Place object (17)',3,'',11,1,'2024-07-04 11:44:01.058547');
INSERT INTO django_admin_log VALUES(156,'16','Place object (16)',3,'',11,1,'2024-07-04 11:44:01.064966');
INSERT INTO django_admin_log VALUES(157,'15','Place object (15)',3,'',11,1,'2024-07-04 11:44:01.070423');
INSERT INTO django_admin_log VALUES(158,'14','Place object (14)',3,'',11,1,'2024-07-04 11:44:01.077188');
INSERT INTO django_admin_log VALUES(159,'13','Place object (13)',3,'',11,1,'2024-07-04 11:44:01.087128');
INSERT INTO django_admin_log VALUES(160,'12','Place object (12)',3,'',11,1,'2024-07-04 11:44:01.094381');
INSERT INTO django_admin_log VALUES(161,'11','Place object (11)',3,'',11,1,'2024-07-04 11:44:01.101409');
INSERT INTO django_admin_log VALUES(162,'10','Place object (10)',3,'',11,1,'2024-07-04 11:44:01.109816');
INSERT INTO django_admin_log VALUES(163,'9','Place object (9)',3,'',11,1,'2024-07-04 11:44:01.116411');
INSERT INTO django_admin_log VALUES(164,'8','Place object (8)',3,'',11,1,'2024-07-04 11:44:01.121488');
INSERT INTO django_admin_log VALUES(165,'7','Place object (7)',3,'',11,1,'2024-07-04 11:44:01.129098');
INSERT INTO django_admin_log VALUES(166,'6','Place object (6)',3,'',11,1,'2024-07-04 11:44:01.138082');
INSERT INTO django_admin_log VALUES(167,'5','Place object (5)',3,'',11,1,'2024-07-04 11:44:01.146044');
INSERT INTO django_admin_log VALUES(168,'4','Place object (4)',3,'',11,1,'2024-07-04 11:44:01.154965');
INSERT INTO django_admin_log VALUES(169,'3','Place object (3)',3,'',11,1,'2024-07-04 11:44:01.166037');
INSERT INTO django_admin_log VALUES(170,'2','Place object (2)',3,'',11,1,'2024-07-04 11:44:01.174024');
INSERT INTO django_admin_log VALUES(171,'1','Place object (1)',3,'',11,1,'2024-07-04 11:44:01.182276');
INSERT INTO django_admin_log VALUES(172,'13','csv/Places_vD0rJaE.csv',1,'[{"added": {}}]',16,1,'2024-07-04 11:44:35.044363');
INSERT INTO django_admin_log VALUES(173,'100','Place object (100)',3,'',11,1,'2024-07-04 11:48:47.908520');
INSERT INTO django_admin_log VALUES(174,'99','Place object (99)',3,'',11,1,'2024-07-04 11:48:47.918054');
INSERT INTO django_admin_log VALUES(175,'98','Place object (98)',3,'',11,1,'2024-07-04 11:48:47.923879');
INSERT INTO django_admin_log VALUES(176,'97','Place object (97)',3,'',11,1,'2024-07-04 11:48:47.930807');
INSERT INTO django_admin_log VALUES(177,'96','Place object (96)',3,'',11,1,'2024-07-04 11:48:47.939049');
INSERT INTO django_admin_log VALUES(178,'95','Place object (95)',3,'',11,1,'2024-07-04 11:48:47.945607');
INSERT INTO django_admin_log VALUES(179,'94','Place object (94)',3,'',11,1,'2024-07-04 11:48:47.952617');
INSERT INTO django_admin_log VALUES(180,'93','Place object (93)',3,'',11,1,'2024-07-04 11:48:47.958888');
INSERT INTO django_admin_log VALUES(181,'92','Place object (92)',3,'',11,1,'2024-07-04 11:48:47.966770');
INSERT INTO django_admin_log VALUES(182,'91','Place object (91)',3,'',11,1,'2024-07-04 11:48:47.973041');
INSERT INTO django_admin_log VALUES(183,'90','Place object (90)',3,'',11,1,'2024-07-04 11:48:47.979277');
INSERT INTO django_admin_log VALUES(184,'89','Place object (89)',3,'',11,1,'2024-07-04 11:48:47.984270');
INSERT INTO django_admin_log VALUES(185,'88','Place object (88)',3,'',11,1,'2024-07-04 11:48:47.988951');
INSERT INTO django_admin_log VALUES(186,'87','Place object (87)',3,'',11,1,'2024-07-04 11:48:47.992830');
INSERT INTO django_admin_log VALUES(187,'86','Place object (86)',3,'',11,1,'2024-07-04 11:48:47.998509');
INSERT INTO django_admin_log VALUES(188,'85','Place object (85)',3,'',11,1,'2024-07-04 11:48:48.002733');
INSERT INTO django_admin_log VALUES(189,'84','Place object (84)',3,'',11,1,'2024-07-04 11:48:48.006910');
INSERT INTO django_admin_log VALUES(190,'83','Place object (83)',3,'',11,1,'2024-07-04 11:48:48.011735');
INSERT INTO django_admin_log VALUES(191,'82','Place object (82)',3,'',11,1,'2024-07-04 11:48:48.016795');
INSERT INTO django_admin_log VALUES(192,'81','Place object (81)',3,'',11,1,'2024-07-04 11:48:48.020459');
INSERT INTO django_admin_log VALUES(193,'80','Place object (80)',3,'',11,1,'2024-07-04 11:48:48.024711');
INSERT INTO django_admin_log VALUES(194,'79','Place object (79)',3,'',11,1,'2024-07-04 11:48:48.031292');
INSERT INTO django_admin_log VALUES(195,'78','Place object (78)',3,'',11,1,'2024-07-04 11:48:48.035780');
INSERT INTO django_admin_log VALUES(196,'77','Place object (77)',3,'',11,1,'2024-07-04 11:48:48.040353');
INSERT INTO django_admin_log VALUES(197,'76','Place object (76)',3,'',11,1,'2024-07-04 11:48:48.046099');
INSERT INTO django_admin_log VALUES(198,'75','Place object (75)',3,'',11,1,'2024-07-04 11:48:48.052789');
INSERT INTO django_admin_log VALUES(199,'74','Place object (74)',3,'',11,1,'2024-07-04 11:48:48.057462');
INSERT INTO django_admin_log VALUES(200,'73','Place object (73)',3,'',11,1,'2024-07-04 11:48:48.062570');
INSERT INTO django_admin_log VALUES(201,'72','Place object (72)',3,'',11,1,'2024-07-04 11:48:48.066832');
INSERT INTO django_admin_log VALUES(202,'71','Place object (71)',3,'',11,1,'2024-07-04 11:48:48.070651');
INSERT INTO django_admin_log VALUES(203,'70','Place object (70)',3,'',11,1,'2024-07-04 11:48:48.074987');
INSERT INTO django_admin_log VALUES(204,'69','Place object (69)',3,'',11,1,'2024-07-04 11:48:48.080323');
INSERT INTO django_admin_log VALUES(205,'68','Place object (68)',3,'',11,1,'2024-07-04 11:48:48.083933');
INSERT INTO django_admin_log VALUES(206,'67','Place object (67)',3,'',11,1,'2024-07-04 11:48:48.088548');
INSERT INTO django_admin_log VALUES(207,'66','Place object (66)',3,'',11,1,'2024-07-04 11:48:48.092530');
INSERT INTO django_admin_log VALUES(208,'65','Place object (65)',3,'',11,1,'2024-07-04 11:48:48.101589');
INSERT INTO django_admin_log VALUES(209,'64','Place object (64)',3,'',11,1,'2024-07-04 11:48:48.107486');
INSERT INTO django_admin_log VALUES(210,'63','Place object (63)',3,'',11,1,'2024-07-04 11:48:48.116805');
INSERT INTO django_admin_log VALUES(211,'62','Place object (62)',3,'',11,1,'2024-07-04 11:48:48.122130');
INSERT INTO django_admin_log VALUES(212,'61','Place object (61)',3,'',11,1,'2024-07-04 11:48:48.128395');
INSERT INTO django_admin_log VALUES(213,'60','Place object (60)',3,'',11,1,'2024-07-04 11:48:48.138165');
INSERT INTO django_admin_log VALUES(214,'59','Place object (59)',3,'',11,1,'2024-07-04 11:48:48.146667');
INSERT INTO django_admin_log VALUES(215,'58','Place object (58)',3,'',11,1,'2024-07-04 11:48:48.155195');
INSERT INTO django_admin_log VALUES(216,'57','Place object (57)',3,'',11,1,'2024-07-04 11:48:48.159585');
INSERT INTO django_admin_log VALUES(217,'56','Place object (56)',3,'',11,1,'2024-07-04 11:48:48.166993');
INSERT INTO django_admin_log VALUES(218,'55','Place object (55)',3,'',11,1,'2024-07-04 11:48:48.171435');
INSERT INTO django_admin_log VALUES(219,'54','Place object (54)',3,'',11,1,'2024-07-04 11:48:48.175198');
INSERT INTO django_admin_log VALUES(220,'53','Place object (53)',3,'',11,1,'2024-07-04 11:48:48.182450');
INSERT INTO django_admin_log VALUES(221,'52','Place object (52)',3,'',11,1,'2024-07-04 11:48:48.186423');
INSERT INTO django_admin_log VALUES(222,'51','Place object (51)',3,'',11,1,'2024-07-04 11:48:48.190599');
INSERT INTO django_admin_log VALUES(223,'50','Place object (50)',3,'',11,1,'2024-07-04 11:48:48.195612');
INSERT INTO django_admin_log VALUES(224,'49','Place object (49)',3,'',11,1,'2024-07-04 11:48:48.201402');
INSERT INTO django_admin_log VALUES(225,'48','Place object (48)',3,'',11,1,'2024-07-04 11:48:48.205375');
INSERT INTO django_admin_log VALUES(226,'47','Place object (47)',3,'',11,1,'2024-07-04 11:48:48.209313');
INSERT INTO django_admin_log VALUES(227,'46','Place object (46)',3,'',11,1,'2024-07-04 11:48:48.214975');
INSERT INTO django_admin_log VALUES(228,'45','Place object (45)',3,'',11,1,'2024-07-04 11:48:48.222189');
INSERT INTO django_admin_log VALUES(229,'44','Place object (44)',3,'',11,1,'2024-07-04 11:48:48.227221');
INSERT INTO django_admin_log VALUES(230,'43','Place object (43)',3,'',11,1,'2024-07-04 11:48:48.233067');
INSERT INTO django_admin_log VALUES(231,'42','Place object (42)',3,'',11,1,'2024-07-04 11:48:48.238081');
INSERT INTO django_admin_log VALUES(232,'41','Place object (41)',3,'',11,1,'2024-07-04 11:48:48.246652');
INSERT INTO django_admin_log VALUES(233,'40','Place object (40)',3,'',11,1,'2024-07-04 11:48:48.251014');
INSERT INTO django_admin_log VALUES(234,'39','Place object (39)',3,'',11,1,'2024-07-04 11:48:48.256214');
INSERT INTO django_admin_log VALUES(235,'38','Place object (38)',3,'',11,1,'2024-07-04 11:48:48.259778');
INSERT INTO django_admin_log VALUES(236,'37','Place object (37)',3,'',11,1,'2024-07-04 11:48:48.265386');
INSERT INTO django_admin_log VALUES(237,'36','Place object (36)',3,'',11,1,'2024-07-04 11:48:48.270081');
INSERT INTO django_admin_log VALUES(238,'35','Place object (35)',3,'',11,1,'2024-07-04 11:48:48.273941');
INSERT INTO django_admin_log VALUES(239,'34','Place object (34)',3,'',11,1,'2024-07-04 11:48:48.280255');
INSERT INTO django_admin_log VALUES(240,'33','Place object (33)',3,'',11,1,'2024-07-04 11:48:48.285907');
INSERT INTO django_admin_log VALUES(241,'32','Place object (32)',3,'',11,1,'2024-07-04 11:48:48.290227');
INSERT INTO django_admin_log VALUES(242,'31','Place object (31)',3,'',11,1,'2024-07-04 11:48:48.295310');
INSERT INTO django_admin_log VALUES(243,'30','Place object (30)',3,'',11,1,'2024-07-04 11:48:48.301818');
INSERT INTO django_admin_log VALUES(244,'29','Place object (29)',3,'',11,1,'2024-07-04 11:48:48.308965');
INSERT INTO django_admin_log VALUES(245,'28','Place object (28)',3,'',11,1,'2024-07-04 11:48:48.315240');
INSERT INTO django_admin_log VALUES(246,'27','Place object (27)',3,'',11,1,'2024-07-04 11:48:48.319644');
INSERT INTO django_admin_log VALUES(247,'26','Place object (26)',3,'',11,1,'2024-07-04 11:48:48.324370');
INSERT INTO django_admin_log VALUES(248,'25','Place object (25)',3,'',11,1,'2024-07-04 11:48:48.330211');
INSERT INTO django_admin_log VALUES(249,'24','Place object (24)',3,'',11,1,'2024-07-04 11:48:48.335197');
INSERT INTO django_admin_log VALUES(250,'23','Place object (23)',3,'',11,1,'2024-07-04 11:48:48.339562');
INSERT INTO django_admin_log VALUES(251,'22','Place object (22)',3,'',11,1,'2024-07-04 11:48:48.343886');
INSERT INTO django_admin_log VALUES(252,'21','Place object (21)',3,'',11,1,'2024-07-04 11:48:48.349273');
INSERT INTO django_admin_log VALUES(253,'20','Place object (20)',3,'',11,1,'2024-07-04 11:48:48.353929');
INSERT INTO django_admin_log VALUES(254,'19','Place object (19)',3,'',11,1,'2024-07-04 11:48:48.359007');
INSERT INTO django_admin_log VALUES(255,'18','Place object (18)',3,'',11,1,'2024-07-04 11:48:48.364073');
INSERT INTO django_admin_log VALUES(256,'17','Place object (17)',3,'',11,1,'2024-07-04 11:48:48.368294');
INSERT INTO django_admin_log VALUES(257,'16','Place object (16)',3,'',11,1,'2024-07-04 11:48:48.372213');
INSERT INTO django_admin_log VALUES(258,'15','Place object (15)',3,'',11,1,'2024-07-04 11:48:48.375621');
INSERT INTO django_admin_log VALUES(259,'14','Place object (14)',3,'',11,1,'2024-07-04 11:48:48.382493');
INSERT INTO django_admin_log VALUES(260,'13','Place object (13)',3,'',11,1,'2024-07-04 11:48:48.386162');
INSERT INTO django_admin_log VALUES(261,'12','Place object (12)',3,'',11,1,'2024-07-04 11:48:48.391136');
INSERT INTO django_admin_log VALUES(262,'11','Place object (11)',3,'',11,1,'2024-07-04 11:48:48.396308');
INSERT INTO django_admin_log VALUES(263,'10','Place object (10)',3,'',11,1,'2024-07-04 11:48:48.401816');
INSERT INTO django_admin_log VALUES(264,'9','Place object (9)',3,'',11,1,'2024-07-04 11:48:48.405414');
INSERT INTO django_admin_log VALUES(265,'8','Place object (8)',3,'',11,1,'2024-07-04 11:48:48.409431');
INSERT INTO django_admin_log VALUES(266,'7','Place object (7)',3,'',11,1,'2024-07-04 11:48:48.414474');
INSERT INTO django_admin_log VALUES(267,'6','Place object (6)',3,'',11,1,'2024-07-04 11:48:48.419166');
INSERT INTO django_admin_log VALUES(268,'5','Place object (5)',3,'',11,1,'2024-07-04 11:48:48.423544');
INSERT INTO django_admin_log VALUES(269,'4','Place object (4)',3,'',11,1,'2024-07-04 11:48:48.429611');
INSERT INTO django_admin_log VALUES(270,'3','Place object (3)',3,'',11,1,'2024-07-04 11:48:48.434792');
INSERT INTO django_admin_log VALUES(271,'2','Place object (2)',3,'',11,1,'2024-07-04 11:48:48.439224');
INSERT INTO django_admin_log VALUES(272,'1','Place object (1)',3,'',11,1,'2024-07-04 11:48:48.445083');
INSERT INTO django_admin_log VALUES(273,'14','csv/Places_ViTfP7Q.csv',1,'[{"added": {}}]',16,1,'2024-07-04 11:49:09.694236');
INSERT INTO django_admin_log VALUES(274,'100','Place object (100)',3,'',11,1,'2024-07-04 11:49:48.851515');
INSERT INTO django_admin_log VALUES(275,'99','Place object (99)',3,'',11,1,'2024-07-04 11:49:48.860367');
INSERT INTO django_admin_log VALUES(276,'98','Place object (98)',3,'',11,1,'2024-07-04 11:49:48.868149');
INSERT INTO django_admin_log VALUES(277,'97','Place object (97)',3,'',11,1,'2024-07-04 11:49:48.878542');
INSERT INTO django_admin_log VALUES(278,'96','Place object (96)',3,'',11,1,'2024-07-04 11:49:48.887161');
INSERT INTO django_admin_log VALUES(279,'95','Place object (95)',3,'',11,1,'2024-07-04 11:49:48.894140');
INSERT INTO django_admin_log VALUES(280,'94','Place object (94)',3,'',11,1,'2024-07-04 11:49:48.901923');
INSERT INTO django_admin_log VALUES(281,'93','Place object (93)',3,'',11,1,'2024-07-04 11:49:48.913774');
INSERT INTO django_admin_log VALUES(282,'92','Place object (92)',3,'',11,1,'2024-07-04 11:49:48.920589');
INSERT INTO django_admin_log VALUES(283,'91','Place object (91)',3,'',11,1,'2024-07-04 11:49:48.928239');
INSERT INTO django_admin_log VALUES(284,'90','Place object (90)',3,'',11,1,'2024-07-04 11:49:48.936785');
INSERT INTO django_admin_log VALUES(285,'89','Place object (89)',3,'',11,1,'2024-07-04 11:49:48.944360');
INSERT INTO django_admin_log VALUES(286,'88','Place object (88)',3,'',11,1,'2024-07-04 11:49:48.950866');
INSERT INTO django_admin_log VALUES(287,'87','Place object (87)',3,'',11,1,'2024-07-04 11:49:48.956568');
INSERT INTO django_admin_log VALUES(288,'86','Place object (86)',3,'',11,1,'2024-07-04 11:49:48.965343');
INSERT INTO django_admin_log VALUES(289,'85','Place object (85)',3,'',11,1,'2024-07-04 11:49:48.972153');
INSERT INTO django_admin_log VALUES(290,'84','Place object (84)',3,'',11,1,'2024-07-04 11:49:48.979115');
INSERT INTO django_admin_log VALUES(291,'83','Place object (83)',3,'',11,1,'2024-07-04 11:49:48.985934');
INSERT INTO django_admin_log VALUES(292,'82','Place object (82)',3,'',11,1,'2024-07-04 11:49:48.992109');
INSERT INTO django_admin_log VALUES(293,'81','Place object (81)',3,'',11,1,'2024-07-04 11:49:49.003345');
INSERT INTO django_admin_log VALUES(294,'80','Place object (80)',3,'',11,1,'2024-07-04 11:49:49.008743');
INSERT INTO django_admin_log VALUES(295,'79','Place object (79)',3,'',11,1,'2024-07-04 11:49:49.014204');
INSERT INTO django_admin_log VALUES(296,'78','Place object (78)',3,'',11,1,'2024-07-04 11:49:49.019278');
INSERT INTO django_admin_log VALUES(297,'77','Place object (77)',3,'',11,1,'2024-07-04 11:49:49.026001');
INSERT INTO django_admin_log VALUES(298,'76','Place object (76)',3,'',11,1,'2024-07-04 11:49:49.032498');
INSERT INTO django_admin_log VALUES(299,'75','Place object (75)',3,'',11,1,'2024-07-04 11:49:49.040554');
INSERT INTO django_admin_log VALUES(300,'74','Place object (74)',3,'',11,1,'2024-07-04 11:49:49.046959');
INSERT INTO django_admin_log VALUES(301,'73','Place object (73)',3,'',11,1,'2024-07-04 11:49:49.054073');
INSERT INTO django_admin_log VALUES(302,'72','Place object (72)',3,'',11,1,'2024-07-04 11:49:49.058868');
INSERT INTO django_admin_log VALUES(303,'71','Place object (71)',3,'',11,1,'2024-07-04 11:49:49.063676');
INSERT INTO django_admin_log VALUES(304,'70','Place object (70)',3,'',11,1,'2024-07-04 11:49:49.069802');
INSERT INTO django_admin_log VALUES(305,'69','Place object (69)',3,'',11,1,'2024-07-04 11:49:49.077113');
INSERT INTO django_admin_log VALUES(306,'68','Place object (68)',3,'',11,1,'2024-07-04 11:49:49.083377');
INSERT INTO django_admin_log VALUES(307,'67','Place object (67)',3,'',11,1,'2024-07-04 11:49:49.087994');
INSERT INTO django_admin_log VALUES(308,'66','Place object (66)',3,'',11,1,'2024-07-04 11:49:49.093006');
INSERT INTO django_admin_log VALUES(309,'65','Place object (65)',3,'',11,1,'2024-07-04 11:49:49.097008');
INSERT INTO django_admin_log VALUES(310,'64','Place object (64)',3,'',11,1,'2024-07-04 11:49:49.099359');
INSERT INTO django_admin_log VALUES(311,'63','Place object (63)',3,'',11,1,'2024-07-04 11:49:49.103812');
INSERT INTO django_admin_log VALUES(312,'62','Place object (62)',3,'',11,1,'2024-07-04 11:49:49.107304');
INSERT INTO django_admin_log VALUES(313,'61','Place object (61)',3,'',11,1,'2024-07-04 11:49:49.111410');
INSERT INTO django_admin_log VALUES(314,'60','Place object (60)',3,'',11,1,'2024-07-04 11:49:49.114469');
INSERT INTO django_admin_log VALUES(315,'59','Place object (59)',3,'',11,1,'2024-07-04 11:49:49.118418');
INSERT INTO django_admin_log VALUES(316,'58','Place object (58)',3,'',11,1,'2024-07-04 11:49:49.122584');
INSERT INTO django_admin_log VALUES(317,'57','Place object (57)',3,'',11,1,'2024-07-04 11:49:49.127154');
INSERT INTO django_admin_log VALUES(318,'56','Place object (56)',3,'',11,1,'2024-07-04 11:49:49.131379');
INSERT INTO django_admin_log VALUES(319,'55','Place object (55)',3,'',11,1,'2024-07-04 11:49:49.135172');
INSERT INTO django_admin_log VALUES(320,'54','Place object (54)',3,'',11,1,'2024-07-04 11:49:49.138747');
INSERT INTO django_admin_log VALUES(321,'53','Place object (53)',3,'',11,1,'2024-07-04 11:49:49.142979');
INSERT INTO django_admin_log VALUES(322,'52','Place object (52)',3,'',11,1,'2024-07-04 11:49:49.147155');
INSERT INTO django_admin_log VALUES(323,'51','Place object (51)',3,'',11,1,'2024-07-04 11:49:49.152162');
INSERT INTO django_admin_log VALUES(324,'50','Place object (50)',3,'',11,1,'2024-07-04 11:49:49.157085');
INSERT INTO django_admin_log VALUES(325,'49','Place object (49)',3,'',11,1,'2024-07-04 11:49:49.162907');
INSERT INTO django_admin_log VALUES(326,'48','Place object (48)',3,'',11,1,'2024-07-04 11:49:49.168920');
INSERT INTO django_admin_log VALUES(327,'47','Place object (47)',3,'',11,1,'2024-07-04 11:49:49.173431');
INSERT INTO django_admin_log VALUES(328,'46','Place object (46)',3,'',11,1,'2024-07-04 11:49:49.179737');
INSERT INTO django_admin_log VALUES(329,'45','Place object (45)',3,'',11,1,'2024-07-04 11:49:49.183011');
INSERT INTO django_admin_log VALUES(330,'44','Place object (44)',3,'',11,1,'2024-07-04 11:49:49.187151');
INSERT INTO django_admin_log VALUES(331,'43','Place object (43)',3,'',11,1,'2024-07-04 11:49:49.191184');
INSERT INTO django_admin_log VALUES(332,'42','Place object (42)',3,'',11,1,'2024-07-04 11:49:49.196741');
INSERT INTO django_admin_log VALUES(333,'41','Place object (41)',3,'',11,1,'2024-07-04 11:49:49.201161');
INSERT INTO django_admin_log VALUES(334,'40','Place object (40)',3,'',11,1,'2024-07-04 11:49:49.205024');
INSERT INTO django_admin_log VALUES(335,'39','Place object (39)',3,'',11,1,'2024-07-04 11:49:49.213332');
INSERT INTO django_admin_log VALUES(336,'38','Place object (38)',3,'',11,1,'2024-07-04 11:49:49.217658');
INSERT INTO django_admin_log VALUES(337,'37','Place object (37)',3,'',11,1,'2024-07-04 11:49:49.221280');
INSERT INTO django_admin_log VALUES(338,'36','Place object (36)',3,'',11,1,'2024-07-04 11:49:49.225842');
INSERT INTO django_admin_log VALUES(339,'35','Place object (35)',3,'',11,1,'2024-07-04 11:49:49.230393');
INSERT INTO django_admin_log VALUES(340,'34','Place object (34)',3,'',11,1,'2024-07-04 11:49:49.235445');
INSERT INTO django_admin_log VALUES(341,'33','Place object (33)',3,'',11,1,'2024-07-04 11:49:49.240166');
INSERT INTO django_admin_log VALUES(342,'32','Place object (32)',3,'',11,1,'2024-07-04 11:49:49.244354');
INSERT INTO django_admin_log VALUES(343,'31','Place object (31)',3,'',11,1,'2024-07-04 11:49:49.247937');
INSERT INTO django_admin_log VALUES(344,'30','Place object (30)',3,'',11,1,'2024-07-04 11:49:49.252539');
INSERT INTO django_admin_log VALUES(345,'29','Place object (29)',3,'',11,1,'2024-07-04 11:49:49.256692');
INSERT INTO django_admin_log VALUES(346,'28','Place object (28)',3,'',11,1,'2024-07-04 11:49:49.260762');
INSERT INTO django_admin_log VALUES(347,'27','Place object (27)',3,'',11,1,'2024-07-04 11:49:49.265235');
INSERT INTO django_admin_log VALUES(348,'26','Place object (26)',3,'',11,1,'2024-07-04 11:49:49.268207');
INSERT INTO django_admin_log VALUES(349,'25','Place object (25)',3,'',11,1,'2024-07-04 11:49:49.273031');
INSERT INTO django_admin_log VALUES(350,'24','Place object (24)',3,'',11,1,'2024-07-04 11:49:49.279017');
INSERT INTO django_admin_log VALUES(351,'23','Place object (23)',3,'',11,1,'2024-07-04 11:49:49.284194');
INSERT INTO django_admin_log VALUES(352,'22','Place object (22)',3,'',11,1,'2024-07-04 11:49:49.287896');
INSERT INTO django_admin_log VALUES(353,'21','Place object (21)',3,'',11,1,'2024-07-04 11:49:49.292020');
INSERT INTO django_admin_log VALUES(354,'20','Place object (20)',3,'',11,1,'2024-07-04 11:49:49.295518');
INSERT INTO django_admin_log VALUES(355,'19','Place object (19)',3,'',11,1,'2024-07-04 11:49:49.298484');
INSERT INTO django_admin_log VALUES(356,'18','Place object (18)',3,'',11,1,'2024-07-04 11:49:49.303346');
INSERT INTO django_admin_log VALUES(357,'17','Place object (17)',3,'',11,1,'2024-07-04 11:49:49.310009');
INSERT INTO django_admin_log VALUES(358,'16','Place object (16)',3,'',11,1,'2024-07-04 11:49:49.313615');
INSERT INTO django_admin_log VALUES(359,'15','Place object (15)',3,'',11,1,'2024-07-04 11:49:49.317999');
INSERT INTO django_admin_log VALUES(360,'14','Place object (14)',3,'',11,1,'2024-07-04 11:49:49.321880');
INSERT INTO django_admin_log VALUES(361,'13','Place object (13)',3,'',11,1,'2024-07-04 11:49:49.325218');
INSERT INTO django_admin_log VALUES(362,'12','Place object (12)',3,'',11,1,'2024-07-04 11:49:49.329256');
INSERT INTO django_admin_log VALUES(363,'11','Place object (11)',3,'',11,1,'2024-07-04 11:49:49.331869');
INSERT INTO django_admin_log VALUES(364,'10','Place object (10)',3,'',11,1,'2024-07-04 11:49:49.336830');
INSERT INTO django_admin_log VALUES(365,'9','Place object (9)',3,'',11,1,'2024-07-04 11:49:49.340822');
INSERT INTO django_admin_log VALUES(366,'8','Place object (8)',3,'',11,1,'2024-07-04 11:49:49.344462');
INSERT INTO django_admin_log VALUES(367,'7','Place object (7)',3,'',11,1,'2024-07-04 11:49:49.351245');
INSERT INTO django_admin_log VALUES(368,'6','Place object (6)',3,'',11,1,'2024-07-04 11:49:49.354286');
INSERT INTO django_admin_log VALUES(369,'5','Place object (5)',3,'',11,1,'2024-07-04 11:49:49.359157');
INSERT INTO django_admin_log VALUES(370,'4','Place object (4)',3,'',11,1,'2024-07-04 11:49:49.362919');
INSERT INTO django_admin_log VALUES(371,'3','Place object (3)',3,'',11,1,'2024-07-04 11:49:49.366918');
INSERT INTO django_admin_log VALUES(372,'2','Place object (2)',3,'',11,1,'2024-07-04 11:49:49.370295');
INSERT INTO django_admin_log VALUES(373,'1','Place object (1)',3,'',11,1,'2024-07-04 11:49:49.377175');
INSERT INTO django_admin_log VALUES(374,'15','csv/Places_csoEGjI.csv',1,'[{"added": {}}]',16,1,'2024-07-04 11:50:26.634689');
INSERT INTO django_admin_log VALUES(375,'15','csv/Places_AhmRMHx.csv',2,'[{"changed": {"fields": ["Upload file"]}}]',16,1,'2024-07-04 11:51:06.421089');
INSERT INTO django_admin_log VALUES(376,'16','csv/Activity.csv',1,'[{"added": {}}]',16,1,'2024-07-04 11:53:54.571656');
INSERT INTO django_admin_log VALUES(377,'0','Activity object (0)',3,'',10,1,'2024-07-04 11:54:06.531924');
INSERT INTO django_admin_log VALUES(378,'17','csv/Activity_Ujrx6Xe.csv',1,'[{"added": {}}]',16,1,'2024-07-04 11:55:26.179933');
INSERT INTO django_admin_log VALUES(379,'18','csv/PlaceActivity.csv',1,'[{"added": {}}]',16,1,'2024-07-04 11:57:03.472719');
INSERT INTO django_admin_log VALUES(380,'19','csv/PlaceActivity_oBuxdwS.csv',1,'[{"added": {}}]',16,1,'2024-07-04 11:59:07.776175');
INSERT INTO django_admin_log VALUES(381,'100','PlaceActivity object (100)',3,'',9,1,'2024-07-04 11:59:41.989915');
INSERT INTO django_admin_log VALUES(382,'99','PlaceActivity object (99)',3,'',9,1,'2024-07-04 11:59:41.999666');
INSERT INTO django_admin_log VALUES(383,'98','PlaceActivity object (98)',3,'',9,1,'2024-07-04 11:59:42.007804');
INSERT INTO django_admin_log VALUES(384,'97','PlaceActivity object (97)',3,'',9,1,'2024-07-04 11:59:42.015975');
INSERT INTO django_admin_log VALUES(385,'96','PlaceActivity object (96)',3,'',9,1,'2024-07-04 11:59:42.022380');
INSERT INTO django_admin_log VALUES(386,'95','PlaceActivity object (95)',3,'',9,1,'2024-07-04 11:59:42.029245');
INSERT INTO django_admin_log VALUES(387,'94','PlaceActivity object (94)',3,'',9,1,'2024-07-04 11:59:42.037732');
INSERT INTO django_admin_log VALUES(388,'93','PlaceActivity object (93)',3,'',9,1,'2024-07-04 11:59:42.045418');
INSERT INTO django_admin_log VALUES(389,'92','PlaceActivity object (92)',3,'',9,1,'2024-07-04 11:59:42.053462');
INSERT INTO django_admin_log VALUES(390,'91','PlaceActivity object (91)',3,'',9,1,'2024-07-04 11:59:42.059803');
INSERT INTO django_admin_log VALUES(391,'90','PlaceActivity object (90)',3,'',9,1,'2024-07-04 11:59:42.064543');
INSERT INTO django_admin_log VALUES(392,'89','PlaceActivity object (89)',3,'',9,1,'2024-07-04 11:59:42.069147');
INSERT INTO django_admin_log VALUES(393,'88','PlaceActivity object (88)',3,'',9,1,'2024-07-04 11:59:42.074900');
INSERT INTO django_admin_log VALUES(394,'87','PlaceActivity object (87)',3,'',9,1,'2024-07-04 11:59:42.080990');
INSERT INTO django_admin_log VALUES(395,'86','PlaceActivity object (86)',3,'',9,1,'2024-07-04 11:59:42.086619');
INSERT INTO django_admin_log VALUES(396,'85','PlaceActivity object (85)',3,'',9,1,'2024-07-04 11:59:42.091897');
INSERT INTO django_admin_log VALUES(397,'84','PlaceActivity object (84)',3,'',9,1,'2024-07-04 11:59:42.098731');
INSERT INTO django_admin_log VALUES(398,'83','PlaceActivity object (83)',3,'',9,1,'2024-07-04 11:59:42.104434');
INSERT INTO django_admin_log VALUES(399,'82','PlaceActivity object (82)',3,'',9,1,'2024-07-04 11:59:42.109951');
INSERT INTO django_admin_log VALUES(400,'81','PlaceActivity object (81)',3,'',9,1,'2024-07-04 11:59:42.117681');
INSERT INTO django_admin_log VALUES(401,'80','PlaceActivity object (80)',3,'',9,1,'2024-07-04 11:59:42.123048');
INSERT INTO django_admin_log VALUES(402,'79','PlaceActivity object (79)',3,'',9,1,'2024-07-04 11:59:42.130608');
INSERT INTO django_admin_log VALUES(403,'78','PlaceActivity object (78)',3,'',9,1,'2024-07-04 11:59:42.134445');
INSERT INTO django_admin_log VALUES(404,'77','PlaceActivity object (77)',3,'',9,1,'2024-07-04 11:59:42.139092');
INSERT INTO django_admin_log VALUES(405,'76','PlaceActivity object (76)',3,'',9,1,'2024-07-04 11:59:42.143885');
INSERT INTO django_admin_log VALUES(406,'75','PlaceActivity object (75)',3,'',9,1,'2024-07-04 11:59:42.149259');
INSERT INTO django_admin_log VALUES(407,'74','PlaceActivity object (74)',3,'',9,1,'2024-07-04 11:59:42.153336');
INSERT INTO django_admin_log VALUES(408,'73','PlaceActivity object (73)',3,'',9,1,'2024-07-04 11:59:42.158460');
INSERT INTO django_admin_log VALUES(409,'72','PlaceActivity object (72)',3,'',9,1,'2024-07-04 11:59:42.165620');
INSERT INTO django_admin_log VALUES(410,'71','PlaceActivity object (71)',3,'',9,1,'2024-07-04 11:59:42.171046');
INSERT INTO django_admin_log VALUES(411,'70','PlaceActivity object (70)',3,'',9,1,'2024-07-04 11:59:42.176828');
INSERT INTO django_admin_log VALUES(412,'69','PlaceActivity object (69)',3,'',9,1,'2024-07-04 11:59:42.185308');
INSERT INTO django_admin_log VALUES(413,'68','PlaceActivity object (68)',3,'',9,1,'2024-07-04 11:59:42.191596');
INSERT INTO django_admin_log VALUES(414,'67','PlaceActivity object (67)',3,'',9,1,'2024-07-04 11:59:42.196725');
INSERT INTO django_admin_log VALUES(415,'66','PlaceActivity object (66)',3,'',9,1,'2024-07-04 11:59:42.201506');
INSERT INTO django_admin_log VALUES(416,'65','PlaceActivity object (65)',3,'',9,1,'2024-07-04 11:59:42.207702');
INSERT INTO django_admin_log VALUES(417,'64','PlaceActivity object (64)',3,'',9,1,'2024-07-04 11:59:42.215061');
INSERT INTO django_admin_log VALUES(418,'63','PlaceActivity object (63)',3,'',9,1,'2024-07-04 11:59:42.219856');
INSERT INTO django_admin_log VALUES(419,'62','PlaceActivity object (62)',3,'',9,1,'2024-07-04 11:59:42.224999');
INSERT INTO django_admin_log VALUES(420,'61','PlaceActivity object (61)',3,'',9,1,'2024-07-04 11:59:42.229133');
INSERT INTO django_admin_log VALUES(421,'60','PlaceActivity object (60)',3,'',9,1,'2024-07-04 11:59:42.232847');
INSERT INTO django_admin_log VALUES(422,'59','PlaceActivity object (59)',3,'',9,1,'2024-07-04 11:59:42.237882');
INSERT INTO django_admin_log VALUES(423,'58','PlaceActivity object (58)',3,'',9,1,'2024-07-04 11:59:42.242704');
INSERT INTO django_admin_log VALUES(424,'57','PlaceActivity object (57)',3,'',9,1,'2024-07-04 11:59:42.246899');
INSERT INTO django_admin_log VALUES(425,'56','PlaceActivity object (56)',3,'',9,1,'2024-07-04 11:59:42.251574');
INSERT INTO django_admin_log VALUES(426,'55','PlaceActivity object (55)',3,'',9,1,'2024-07-04 11:59:42.256473');
INSERT INTO django_admin_log VALUES(427,'54','PlaceActivity object (54)',3,'',9,1,'2024-07-04 11:59:42.260917');
INSERT INTO django_admin_log VALUES(428,'53','PlaceActivity object (53)',3,'',9,1,'2024-07-04 11:59:42.265552');
INSERT INTO django_admin_log VALUES(429,'52','PlaceActivity object (52)',3,'',9,1,'2024-07-04 11:59:42.269005');
INSERT INTO django_admin_log VALUES(430,'51','PlaceActivity object (51)',3,'',9,1,'2024-07-04 11:59:42.273891');
INSERT INTO django_admin_log VALUES(431,'50','PlaceActivity object (50)',3,'',9,1,'2024-07-04 11:59:42.278539');
INSERT INTO django_admin_log VALUES(432,'49','PlaceActivity object (49)',3,'',9,1,'2024-07-04 11:59:42.282842');
INSERT INTO django_admin_log VALUES(433,'48','PlaceActivity object (48)',3,'',9,1,'2024-07-04 11:59:42.288159');
INSERT INTO django_admin_log VALUES(434,'47','PlaceActivity object (47)',3,'',9,1,'2024-07-04 11:59:42.293098');
INSERT INTO django_admin_log VALUES(435,'46','PlaceActivity object (46)',3,'',9,1,'2024-07-04 11:59:42.296779');
INSERT INTO django_admin_log VALUES(436,'45','PlaceActivity object (45)',3,'',9,1,'2024-07-04 11:59:42.300102');
INSERT INTO django_admin_log VALUES(437,'44','PlaceActivity object (44)',3,'',9,1,'2024-07-04 11:59:42.305457');
INSERT INTO django_admin_log VALUES(438,'43','PlaceActivity object (43)',3,'',9,1,'2024-07-04 11:59:42.309927');
INSERT INTO django_admin_log VALUES(439,'42','PlaceActivity object (42)',3,'',9,1,'2024-07-04 11:59:42.314688');
INSERT INTO django_admin_log VALUES(440,'41','PlaceActivity object (41)',3,'',9,1,'2024-07-04 11:59:42.318690');
INSERT INTO django_admin_log VALUES(441,'40','PlaceActivity object (40)',3,'',9,1,'2024-07-04 11:59:42.321854');
INSERT INTO django_admin_log VALUES(442,'39','PlaceActivity object (39)',3,'',9,1,'2024-07-04 11:59:42.327527');
INSERT INTO django_admin_log VALUES(443,'38','PlaceActivity object (38)',3,'',9,1,'2024-07-04 11:59:42.332500');
INSERT INTO django_admin_log VALUES(444,'37','PlaceActivity object (37)',3,'',9,1,'2024-07-04 11:59:42.336724');
INSERT INTO django_admin_log VALUES(445,'36','PlaceActivity object (36)',3,'',9,1,'2024-07-04 11:59:42.342004');
INSERT INTO django_admin_log VALUES(446,'35','PlaceActivity object (35)',3,'',9,1,'2024-07-04 11:59:42.345580');
INSERT INTO django_admin_log VALUES(447,'34','PlaceActivity object (34)',3,'',9,1,'2024-07-04 11:59:42.350769');
INSERT INTO django_admin_log VALUES(448,'33','PlaceActivity object (33)',3,'',9,1,'2024-07-04 11:59:42.354841');
INSERT INTO django_admin_log VALUES(449,'32','PlaceActivity object (32)',3,'',9,1,'2024-07-04 11:59:42.360047');
INSERT INTO django_admin_log VALUES(450,'31','PlaceActivity object (31)',3,'',9,1,'2024-07-04 11:59:42.363930');
INSERT INTO django_admin_log VALUES(451,'30','PlaceActivity object (30)',3,'',9,1,'2024-07-04 11:59:42.367928');
INSERT INTO django_admin_log VALUES(452,'29','PlaceActivity object (29)',3,'',9,1,'2024-07-04 11:59:42.372490');
INSERT INTO django_admin_log VALUES(453,'28','PlaceActivity object (28)',3,'',9,1,'2024-07-04 11:59:42.375846');
INSERT INTO django_admin_log VALUES(454,'27','PlaceActivity object (27)',3,'',9,1,'2024-07-04 11:59:42.379605');
INSERT INTO django_admin_log VALUES(455,'26','PlaceActivity object (26)',3,'',9,1,'2024-07-04 11:59:42.385785');
INSERT INTO django_admin_log VALUES(456,'25','PlaceActivity object (25)',3,'',9,1,'2024-07-04 11:59:42.390284');
INSERT INTO django_admin_log VALUES(457,'24','PlaceActivity object (24)',3,'',9,1,'2024-07-04 11:59:42.396547');
INSERT INTO django_admin_log VALUES(458,'23','PlaceActivity object (23)',3,'',9,1,'2024-07-04 11:59:42.400482');
INSERT INTO django_admin_log VALUES(459,'22','PlaceActivity object (22)',3,'',9,1,'2024-07-04 11:59:42.405246');
INSERT INTO django_admin_log VALUES(460,'21','PlaceActivity object (21)',3,'',9,1,'2024-07-04 11:59:42.409892');
INSERT INTO django_admin_log VALUES(461,'20','PlaceActivity object (20)',3,'',9,1,'2024-07-04 11:59:42.414379');
INSERT INTO django_admin_log VALUES(462,'19','PlaceActivity object (19)',3,'',9,1,'2024-07-04 11:59:42.418161');
INSERT INTO django_admin_log VALUES(463,'18','PlaceActivity object (18)',3,'',9,1,'2024-07-04 11:59:42.422729');
INSERT INTO django_admin_log VALUES(464,'17','PlaceActivity object (17)',3,'',9,1,'2024-07-04 11:59:42.427178');
INSERT INTO django_admin_log VALUES(465,'16','PlaceActivity object (16)',3,'',9,1,'2024-07-04 11:59:42.431989');
INSERT INTO django_admin_log VALUES(466,'15','PlaceActivity object (15)',3,'',9,1,'2024-07-04 11:59:42.435997');
INSERT INTO django_admin_log VALUES(467,'14','PlaceActivity object (14)',3,'',9,1,'2024-07-04 11:59:42.440493');
INSERT INTO django_admin_log VALUES(468,'13','PlaceActivity object (13)',3,'',9,1,'2024-07-04 11:59:42.444590');
INSERT INTO django_admin_log VALUES(469,'12','PlaceActivity object (12)',3,'',9,1,'2024-07-04 11:59:42.450267');
INSERT INTO django_admin_log VALUES(470,'11','PlaceActivity object (11)',3,'',9,1,'2024-07-04 11:59:42.455261');
INSERT INTO django_admin_log VALUES(471,'10','PlaceActivity object (10)',3,'',9,1,'2024-07-04 11:59:42.460491');
INSERT INTO django_admin_log VALUES(472,'9','PlaceActivity object (9)',3,'',9,1,'2024-07-04 11:59:42.464247');
INSERT INTO django_admin_log VALUES(473,'8','PlaceActivity object (8)',3,'',9,1,'2024-07-04 11:59:42.468567');
INSERT INTO django_admin_log VALUES(474,'7','PlaceActivity object (7)',3,'',9,1,'2024-07-04 11:59:42.473271');
INSERT INTO django_admin_log VALUES(475,'6','PlaceActivity object (6)',3,'',9,1,'2024-07-04 11:59:42.478144');
INSERT INTO django_admin_log VALUES(476,'5','PlaceActivity object (5)',3,'',9,1,'2024-07-04 11:59:42.483313');
INSERT INTO django_admin_log VALUES(477,'4','PlaceActivity object (4)',3,'',9,1,'2024-07-04 11:59:42.488483');
INSERT INTO django_admin_log VALUES(478,'3','PlaceActivity object (3)',3,'',9,1,'2024-07-04 11:59:42.492885');
INSERT INTO django_admin_log VALUES(479,'2','PlaceActivity object (2)',3,'',9,1,'2024-07-04 11:59:42.497860');
INSERT INTO django_admin_log VALUES(480,'1','PlaceActivity object (1)',3,'',9,1,'2024-07-04 11:59:42.502004');
INSERT INTO django_admin_log VALUES(481,'20','csv/PlaceActivity_fnKwEYn.csv',1,'[{"added": {}}]',16,1,'2024-07-04 12:00:22.645489');
CREATE TABLE IF NOT EXISTS "django_content_type" ("id" integer NOT NULL PRIMARY KEY AUTOINCREMENT, "app_label" varchar(100) NOT NULL, "model" varchar(100) NOT NULL);
INSERT INTO django_content_type VALUES(1,'admin','logentry');
INSERT INTO django_content_type VALUES(2,'auth','permission');
INSERT INTO django_content_type VALUES(3,'auth','group');
INSERT INTO django_content_type VALUES(4,'auth','user');
INSERT INTO django_content_type VALUES(5,'contenttypes','contenttype');
INSERT INTO django_content_type VALUES(6,'sessions','session');
INSERT INTO django_content_type VALUES(7,'cms','emailconfirmation');
INSERT INTO django_content_type VALUES(8,'cms','profile');
INSERT INTO django_content_type VALUES(9,'cms','placeactivity');
INSERT INTO django_content_type VALUES(10,'cms','activity');
INSERT INTO django_content_type VALUES(11,'cms','place');
INSERT INTO django_content_type VALUES(12,'cms','tag');
INSERT INTO django_content_type VALUES(13,'cms','type');
INSERT INTO django_content_type VALUES(14,'cms','district');
INSERT INTO django_content_type VALUES(15,'cms','province');
INSERT INTO django_content_type VALUES(16,'csvimport','csvimport');
INSERT INTO django_content_type VALUES(17,'csvimport','importmodel');
CREATE TABLE IF NOT EXISTS "auth_permission" ("id" integer NOT NULL PRIMARY KEY AUTOINCREMENT, "content_type_id" integer NOT NULL REFERENCES "django_content_type" ("id") DEFERRABLE INITIALLY DEFERRED, "codename" varchar(100) NOT NULL, "name" varchar(255) NOT NULL);
INSERT INTO auth_permission VALUES(1,1,'add_logentry','Can add log entry');
INSERT INTO auth_permission VALUES(2,1,'change_logentry','Can change log entry');
INSERT INTO auth_permission VALUES(3,1,'delete_logentry','Can delete log entry');
INSERT INTO auth_permission VALUES(4,1,'view_logentry','Can view log entry');
INSERT INTO auth_permission VALUES(5,2,'add_permission','Can add permission');
INSERT INTO auth_permission VALUES(6,2,'change_permission','Can change permission');
INSERT INTO auth_permission VALUES(7,2,'delete_permission','Can delete permission');
INSERT INTO auth_permission VALUES(8,2,'view_permission','Can view permission');
INSERT INTO auth_permission VALUES(9,3,'add_group','Can add group');
INSERT INTO auth_permission VALUES(10,3,'change_group','Can change group');
INSERT INTO auth_permission VALUES(11,3,'delete_group','Can delete group');
INSERT INTO auth_permission VALUES(12,3,'view_group','Can view group');
INSERT INTO auth_permission VALUES(13,4,'add_user','Can add user');
INSERT INTO auth_permission VALUES(14,4,'change_user','Can change user');
INSERT INTO auth_permission VALUES(15,4,'delete_user','Can delete user');
INSERT INTO auth_permission VALUES(16,4,'view_user','Can view user');
INSERT INTO auth_permission VALUES(17,5,'add_contenttype','Can add content type');
INSERT INTO auth_permission VALUES(18,5,'change_contenttype','Can change content type');
INSERT INTO auth_permission VALUES(19,5,'delete_contenttype','Can delete content type');
INSERT INTO auth_permission VALUES(20,5,'view_contenttype','Can view content type');
INSERT INTO auth_permission VALUES(21,6,'add_session','Can add session');
INSERT INTO auth_permission VALUES(22,6,'change_session','Can change session');
INSERT INTO auth_permission VALUES(23,6,'delete_session','Can delete session');
INSERT INTO auth_permission VALUES(24,6,'view_session','Can view session');
INSERT INTO auth_permission VALUES(25,7,'add_emailconfirmation','Can add email confirmation');
INSERT INTO auth_permission VALUES(26,7,'change_emailconfirmation','Can change email confirmation');
INSERT INTO auth_permission VALUES(27,7,'delete_emailconfirmation','Can delete email confirmation');
INSERT INTO auth_permission VALUES(28,7,'view_emailconfirmation','Can view email confirmation');
INSERT INTO auth_permission VALUES(29,8,'add_profile','Can add profile');
INSERT INTO auth_permission VALUES(30,8,'change_profile','Can change profile');
INSERT INTO auth_permission VALUES(31,8,'delete_profile','Can delete profile');
INSERT INTO auth_permission VALUES(32,8,'view_profile','Can view profile');
INSERT INTO auth_permission VALUES(33,9,'add_placeactivity','Can add place activity');
INSERT INTO auth_permission VALUES(34,9,'change_placeactivity','Can change place activity');
INSERT INTO auth_permission VALUES(35,9,'delete_placeactivity','Can delete place activity');
INSERT INTO auth_permission VALUES(36,9,'view_placeactivity','Can view place activity');
INSERT INTO auth_permission VALUES(37,10,'add_activity','Can add activity');
INSERT INTO auth_permission VALUES(38,10,'change_activity','Can change activity');
INSERT INTO auth_permission VALUES(39,10,'delete_activity','Can delete activity');
INSERT INTO auth_permission VALUES(40,10,'view_activity','Can view activity');
INSERT INTO auth_permission VALUES(41,11,'add_place','Can add place');
INSERT INTO auth_permission VALUES(42,11,'change_place','Can change place');
INSERT INTO auth_permission VALUES(43,11,'delete_place','Can delete place');
INSERT INTO auth_permission VALUES(44,11,'view_place','Can view place');
INSERT INTO auth_permission VALUES(45,12,'add_tag','Can add tag');
INSERT INTO auth_permission VALUES(46,12,'change_tag','Can change tag');
INSERT INTO auth_permission VALUES(47,12,'delete_tag','Can delete tag');
INSERT INTO auth_permission VALUES(48,12,'view_tag','Can view tag');
INSERT INTO auth_permission VALUES(49,13,'add_type','Can add type');
INSERT INTO auth_permission VALUES(50,13,'change_type','Can change type');
INSERT INTO auth_permission VALUES(51,13,'delete_type','Can delete type');
INSERT INTO auth_permission VALUES(52,13,'view_type','Can view type');
INSERT INTO auth_permission VALUES(53,14,'add_district','Can add district');
INSERT INTO auth_permission VALUES(54,14,'change_district','Can change district');
INSERT INTO auth_permission VALUES(55,14,'delete_district','Can delete district');
INSERT INTO auth_permission VALUES(56,14,'view_district','Can view district');
INSERT INTO auth_permission VALUES(57,15,'add_province','Can add province');
INSERT INTO auth_permission VALUES(58,15,'change_province','Can change province');
INSERT INTO auth_permission VALUES(59,15,'delete_province','Can delete province');
INSERT INTO auth_permission VALUES(60,15,'view_province','Can view province');
INSERT INTO auth_permission VALUES(61,16,'add_csvimport','Can add csv import');
INSERT INTO auth_permission VALUES(62,16,'change_csvimport','Can change csv import');
INSERT INTO auth_permission VALUES(63,16,'delete_csvimport','Can delete csv import');
INSERT INTO auth_permission VALUES(64,16,'view_csvimport','Can view csv import');
INSERT INTO auth_permission VALUES(65,17,'add_importmodel','Can add import model');
INSERT INTO auth_permission VALUES(66,17,'change_importmodel','Can change import model');
INSERT INTO auth_permission VALUES(67,17,'delete_importmodel','Can delete import model');
INSERT INTO auth_permission VALUES(68,17,'view_importmodel','Can view import model');
CREATE TABLE IF NOT EXISTS "auth_group" ("id" integer NOT NULL PRIMARY KEY AUTOINCREMENT, "name" varchar(150) NOT NULL UNIQUE);
CREATE TABLE IF NOT EXISTS "auth_user" ("id" integer NOT NULL PRIMARY KEY AUTOINCREMENT, "password" varchar(128) NOT NULL, "last_login" datetime NULL, "is_superuser" bool NOT NULL, "username" varchar(150) NOT NULL UNIQUE, "last_name" varchar(150) NOT NULL, "email" varchar(254) NOT NULL, "is_staff" bool NOT NULL, "is_active" bool NOT NULL, "date_joined" datetime NOT NULL, "first_name" varchar(150) NOT NULL);
INSERT INTO auth_user VALUES(1,'pbkdf2_sha256$600000$QX9mlb3vzBxI6ntAdqx6k2$ttDQvQxLoEio41zCYXG2fUqFyenPEnwAcgAmWDkBCKk=','2024-07-04 10:02:15.161542',1,'admin','','subodha162@gmail.com',1,1,'2024-07-04 07:52:12.083443','');
CREATE TABLE IF NOT EXISTS "cms_emailconfirmation" ("created_at" datetime NOT NULL, "updated_at" datetime NOT NULL, "id" integer NOT NULL PRIMARY KEY AUTOINCREMENT, "code" varchar(100) NOT NULL, "user_id" integer NOT NULL REFERENCES "auth_user" ("id") DEFERRABLE INITIALLY DEFERRED);
CREATE TABLE IF NOT EXISTS "cms_profile" ("id" integer NOT NULL PRIMARY KEY AUTOINCREMENT, "is_verified" bool NOT NULL, "user_id" integer NOT NULL UNIQUE REFERENCES "auth_user" ("id") DEFERRABLE INITIALLY DEFERRED);
CREATE TABLE IF NOT EXISTS "django_session" ("session_key" varchar(40) NOT NULL PRIMARY KEY, "session_data" text NOT NULL, "expire_date" datetime NOT NULL);
INSERT INTO django_session VALUES('3rmzr56ivu8sk4fqxw9qs3usxlya0zy3','.eJxVjEEOwiAQAP_C2RDKAgsevfcNBFiQqqFJaU_GvxuSHvQ6M5k38-HYqz963vxC7MomdvllMaRnbkPQI7T7ytPa9m2JfCT8tJ3PK-XX7Wz_BjX0OrYwodIiYxKFlHIqgoAEJjooZGxGl1BqV7KxJial0RZJhIhOBmUMsM8XwrA3CQ:1sPJI7:9lj8GelDWZguqjHZw62B0y8sKAU2yqIGaVVpCUSZPkM','2024-07-18 10:02:15.169507');
CREATE TABLE IF NOT EXISTS "cms_tag" ("created_at" datetime NOT NULL, "updated_at" datetime NOT NULL, "id" integer NOT NULL PRIMARY KEY AUTOINCREMENT, "name" varchar(255) NOT NULL);
INSERT INTO cms_tag VALUES('2024-07-04 11:16:52.387028','2024-07-04 11:16:52.387028',1,'UNESCO World Heritage Site');
INSERT INTO cms_tag VALUES('2024-07-04 11:16:52.388028','2024-07-04 11:16:52.388528',2,'Adventure');
INSERT INTO cms_tag VALUES('2024-07-04 11:16:52.389028','2024-07-04 11:16:52.389028',3,'Cultural');
INSERT INTO cms_tag VALUES('2024-07-04 11:16:52.390028','2024-07-04 11:16:52.390028',4,'Wildlife');
INSERT INTO cms_tag VALUES('2024-07-04 11:16:52.391028','2024-07-04 11:16:52.391028',5,'Beach');
INSERT INTO cms_tag VALUES('2024-07-04 11:16:52.392028','2024-07-04 11:16:52.392028',6,'Scenic');
INSERT INTO cms_tag VALUES('2024-07-04 11:16:52.392528','2024-07-04 11:16:52.392528',7,'Religious');
INSERT INTO cms_tag VALUES('2024-07-04 11:16:52.393528','2024-07-04 11:16:52.393528',8,'Historical');
INSERT INTO cms_tag VALUES('2024-07-04 11:16:52.394028','2024-07-04 11:16:52.394028',9,'Urban');
INSERT INTO cms_tag VALUES('2024-07-04 11:16:52.395028','2024-07-04 11:16:52.395028',10,'Nature');
INSERT INTO cms_tag VALUES('2024-07-04 11:16:52.395530','2024-07-04 11:16:52.395530',11,'Relaxation');
INSERT INTO cms_tag VALUES('2024-07-04 11:16:52.396529','2024-07-04 11:16:52.396529',12,'Water Sports');
INSERT INTO cms_tag VALUES('2024-07-04 11:16:52.397527','2024-07-04 11:16:52.397527',13,'Pilgrimage');
INSERT INTO cms_tag VALUES('2024-07-04 11:16:52.398528','2024-07-04 11:16:52.398528',14,'Shopping');
INSERT INTO cms_tag VALUES('2024-07-04 11:16:52.399028','2024-07-04 11:16:52.399527',15,'Photography');
INSERT INTO cms_tag VALUES('2024-07-04 11:16:52.400028','2024-07-04 11:16:52.400028',16,'Family Friendly');
INSERT INTO cms_tag VALUES('2024-07-04 11:16:52.401026','2024-07-04 11:16:52.401026',17,'Eco-Tourism');
INSERT INTO cms_tag VALUES('2024-07-04 11:16:52.402028','2024-07-04 11:16:52.402028',18,'Educational');
INSERT INTO cms_tag VALUES('2024-07-04 11:16:52.403028','2024-07-04 11:16:52.403028',19,'Festival');
INSERT INTO cms_tag VALUES('2024-07-04 11:16:52.404027','2024-07-04 11:16:52.404027',20,'Nightlife');
CREATE TABLE IF NOT EXISTS "cms_type" ("created_at" datetime NOT NULL, "updated_at" datetime NOT NULL, "id" integer NOT NULL PRIMARY KEY AUTOINCREMENT, "name" varchar(255) NOT NULL, "description" text NULL);
INSERT INTO cms_type VALUES('2024-07-04 11:29:14.562116','2024-07-04 11:29:14.562616',1,'Accommodation','Places where people can stay overnight');
INSERT INTO cms_type VALUES('2024-07-04 11:29:14.563616','2024-07-04 11:29:14.563616',2,'Restaurant','Places where people can eat meals');
INSERT INTO cms_type VALUES('2024-07-04 11:29:14.565116','2024-07-04 11:29:14.565116',3,'Work','Places where people work');
INSERT INTO cms_type VALUES('2024-07-04 11:29:14.566113','2024-07-04 11:29:14.566113',4,'Workspace','Shared or individual workspaces');
INSERT INTO cms_type VALUES('2024-07-04 11:29:14.568142','2024-07-04 11:29:14.568142',5,'Leisure','Places for leisure activities');
INSERT INTO cms_type VALUES('2024-07-04 11:29:14.573118','2024-07-04 11:29:14.573118',6,'Hotel','Hotels for accommodation');
INSERT INTO cms_type VALUES('2024-07-04 11:29:14.574247','2024-07-04 11:29:14.574247',7,'Historical','Places with historical significance');
INSERT INTO cms_type VALUES('2024-07-04 11:29:14.576114','2024-07-04 11:29:14.576114',8,'Religious','Sacred and religious places');
INSERT INTO cms_type VALUES('2024-07-04 11:29:14.578114','2024-07-04 11:29:14.578114',9,'Wildlife','Parks and places with rich wildlife');
INSERT INTO cms_type VALUES('2024-07-04 11:29:14.579614','2024-07-04 11:29:14.579614',10,'Beach','Coastal areas with beaches');
INSERT INTO cms_type VALUES('2024-07-04 11:29:14.581113','2024-07-04 11:29:14.581113',11,'Hill Country','Hilly regions with scenic views and tea gardens');
INSERT INTO cms_type VALUES('2024-07-04 11:29:14.582194','2024-07-04 11:29:14.582194',12,'Cultural','Places with rich cultural heritage');
INSERT INTO cms_type VALUES('2024-07-04 11:29:14.586125','2024-07-04 11:29:14.586125',13,'Urban','Cities with modern amenities');
INSERT INTO cms_type VALUES('2024-07-04 11:29:14.587178','2024-07-04 11:29:14.587178',14,'Adventure','Places for adventure activities');
INSERT INTO cms_type VALUES('2024-07-04 11:29:14.588220','2024-07-04 11:29:14.588220',15,'Nature','Natural landscapes and parks');
INSERT INTO cms_type VALUES('2024-07-04 11:29:14.588752','2024-07-04 11:29:14.588752',16,'Shopping','Places for buying goods and services');
INSERT INTO cms_type VALUES('2024-07-04 11:29:14.590923','2024-07-04 11:29:14.590923',17,'Educational','Places related to education');
INSERT INTO cms_type VALUES('2024-07-04 11:29:14.592424','2024-07-04 11:29:14.592424',18,'Medical','Healthcare facilities');
INSERT INTO cms_type VALUES('2024-07-04 11:29:14.594422','2024-07-04 11:29:14.594422',19,'Sports','Facilities for sports and physical activities');
INSERT INTO cms_type VALUES('2024-07-04 11:29:14.595422','2024-07-04 11:29:14.595422',20,'Entertainment','Places for entertainment activities');
INSERT INTO cms_type VALUES('2024-07-04 11:29:14.599922','2024-07-04 11:29:14.599922',21,'Art','Galleries and places showcasing art');
INSERT INTO cms_type VALUES('2024-07-04 11:29:14.600922','2024-07-04 11:29:14.600922',22,'Museum','Museums displaying various collections');
INSERT INTO cms_type VALUES('2024-07-04 11:29:14.602425','2024-07-04 11:29:14.602425',23,'Festival','Places hosting festivals and events');
INSERT INTO cms_type VALUES('2024-07-04 11:29:14.603424','2024-07-04 11:29:14.603424',24,'Nightlife','Places for nightlife activities');
INSERT INTO cms_type VALUES('2024-07-04 11:29:14.603924','2024-07-04 11:29:14.603924',25,'Eco-Tourism','Eco-friendly tourism destinations');
CREATE TABLE IF NOT EXISTS "cms_activity" ("created_at" datetime NOT NULL, "updated_at" datetime NOT NULL, "activity_id" integer NOT NULL PRIMARY KEY AUTOINCREMENT, "activity_name" varchar(255) NOT NULL, "data" text NULL CHECK ((JSON_VALID("data") OR "data" IS NULL)), "description" text NULL);
INSERT INTO cms_activity VALUES('2024-07-04 11:55:26.141105','2024-07-04 11:55:26.141105',1,'Surfing','"null"','Riding waves on a surfboard');
INSERT INTO cms_activity VALUES('2024-07-04 11:55:26.145161','2024-07-04 11:55:26.145161',2,'Whale Watching','"null"','Observing whales in their natural habitat');
INSERT INTO cms_activity VALUES('2024-07-04 11:55:26.148112','2024-07-04 11:55:26.148112',3,'Wildlife Safari','"null"','Touring parks to see wild animals');
INSERT INTO cms_activity VALUES('2024-07-04 11:55:26.151085','2024-07-04 11:55:26.151085',4,'Hiking','"null"','Walking long distances, usually in nature');
INSERT INTO cms_activity VALUES('2024-07-04 11:55:26.153082','2024-07-04 11:55:26.153082',5,'Cultural Tour','"null"','Exploring historical and cultural sites');
INSERT INTO cms_activity VALUES('2024-07-04 11:55:26.155269','2024-07-04 11:55:26.155390',6,'Bird Watching','"null"','Observing birds in their natural environment');
INSERT INTO cms_activity VALUES('2024-07-04 11:55:26.157274','2024-07-04 11:55:26.157274',7,'Snorkeling','"null"','Swimming near the surface of the water with a snorkel');
INSERT INTO cms_activity VALUES('2024-07-04 11:55:26.160282','2024-07-04 11:55:26.160282',8,'Scuba Diving','"null"','Diving underwater with a scuba apparatus');
INSERT INTO cms_activity VALUES('2024-07-04 11:55:26.164298','2024-07-04 11:55:26.164298',9,'Tea Plantation Tour','"null"','Visiting and touring tea plantations');
INSERT INTO cms_activity VALUES('2024-07-04 11:55:26.166356','2024-07-04 11:55:26.166356',10,'Beach Relaxation','"null"','Relaxing and sunbathing on the beach');
INSERT INTO cms_activity VALUES('2024-07-04 11:55:26.167381','2024-07-04 11:55:26.167381',11,'Pilgrimage','"null"','Journey to a sacred place as an act of religious devotion');
INSERT INTO cms_activity VALUES('2024-07-04 11:55:26.169284','2024-07-04 11:55:26.169284',12,'Shopping','"null"','Buying goods from shops and markets');
INSERT INTO cms_activity VALUES('2024-07-04 11:55:26.169284','2024-07-04 11:55:26.169284',13,'Cooking Classes','"null"','Learning to cook local cuisine');
INSERT INTO cms_activity VALUES('2024-07-04 11:55:26.170617','2024-07-04 11:55:26.170617',14,'Temple Visit','"null"','Visiting temples and learning about their history');
INSERT INTO cms_activity VALUES('2024-07-04 11:55:26.171641','2024-07-04 11:55:26.171641',15,'Kayaking','"null"','Paddling a kayak in lakes or rivers');
INSERT INTO cms_activity VALUES('2024-07-04 11:55:26.173635','2024-07-04 11:55:26.173635',16,'Cycling','"null"','Riding a bicycle for leisure or transport');
INSERT INTO cms_activity VALUES('2024-07-04 11:55:26.174661','2024-07-04 11:55:26.174661',17,'Yoga','"null"','Practicing physical, mental, and spiritual exercises');
INSERT INTO cms_activity VALUES('2024-07-04 11:55:26.175776','2024-07-04 11:55:26.175776',18,'Meditation Retreat','"null"','Participating in guided meditation sessions');
INSERT INTO cms_activity VALUES('2024-07-04 11:55:26.176784','2024-07-04 11:55:26.176784',19,'Photography Tour','"null"','Touring locations specifically to take photographs');
INSERT INTO cms_activity VALUES('2024-07-04 11:55:26.177843','2024-07-04 11:55:26.177843',20,'Fishing','"null"','Catching fish as a sport or leisure activity');
CREATE TABLE IF NOT EXISTS "cms_place_types" ("id" integer NOT NULL PRIMARY KEY AUTOINCREMENT, "place_id" integer NOT NULL REFERENCES "cms_place" ("place_id") DEFERRABLE INITIALLY DEFERRED, "type_id" integer NOT NULL REFERENCES "cms_type" ("id") DEFERRABLE INITIALLY DEFERRED);
CREATE TABLE IF NOT EXISTS "cms_place_accommodation_places_nearby" ("id" integer NOT NULL PRIMARY KEY AUTOINCREMENT, "from_place_id" integer NOT NULL REFERENCES "cms_place" ("place_id") DEFERRABLE INITIALLY DEFERRED, "to_place_id" integer NOT NULL REFERENCES "cms_place" ("place_id") DEFERRABLE INITIALLY DEFERRED);
CREATE TABLE IF NOT EXISTS "cms_place_tags" ("id" integer NOT NULL PRIMARY KEY AUTOINCREMENT, "place_id" integer NOT NULL REFERENCES "cms_place" ("place_id") DEFERRABLE INITIALLY DEFERRED, "tag_id" integer NOT NULL REFERENCES "cms_tag" ("id") DEFERRABLE INITIALLY DEFERRED);
CREATE TABLE IF NOT EXISTS "cms_district" ("created_at" datetime NOT NULL, "updated_at" datetime NOT NULL, "id" integer NOT NULL PRIMARY KEY AUTOINCREMENT, "name" varchar(255) NOT NULL);
INSERT INTO cms_district VALUES('2024-07-04 11:10:38.464955','2024-07-04 11:10:38.464955',1,'Colombo');
INSERT INTO cms_district VALUES('2024-07-04 11:10:38.465960','2024-07-04 11:10:38.465960',2,'Gampaha');
INSERT INTO cms_district VALUES('2024-07-04 11:10:38.466955','2024-07-04 11:10:38.466955',3,'Kalutara');
INSERT INTO cms_district VALUES('2024-07-04 11:10:38.468573','2024-07-04 11:10:38.468573',4,'Kandy');
INSERT INTO cms_district VALUES('2024-07-04 11:10:38.469579','2024-07-04 11:10:38.469579',5,'Matale');
INSERT INTO cms_district VALUES('2024-07-04 11:10:38.470581','2024-07-04 11:10:38.470581',6,'Nuwara Eliya');
INSERT INTO cms_district VALUES('2024-07-04 11:10:38.472581','2024-07-04 11:10:38.472581',7,'Galle');
INSERT INTO cms_district VALUES('2024-07-04 11:10:38.473581','2024-07-04 11:10:38.473581',8,'Matara');
INSERT INTO cms_district VALUES('2024-07-04 11:10:38.474675','2024-07-04 11:10:38.474675',9,'Hambantota');
INSERT INTO cms_district VALUES('2024-07-04 11:10:38.476582','2024-07-04 11:10:38.476582',10,'Jaffna');
INSERT INTO cms_district VALUES('2024-07-04 11:10:38.476582','2024-07-04 11:10:38.476582',11,'Kilinochchi');
INSERT INTO cms_district VALUES('2024-07-04 11:10:38.477578','2024-07-04 11:10:38.477578',12,'Mannar');
INSERT INTO cms_district VALUES('2024-07-04 11:10:38.478672','2024-07-04 11:10:38.478672',13,'Vavuniya');
INSERT INTO cms_district VALUES('2024-07-04 11:10:38.479584','2024-07-04 11:10:38.479584',14,'Mullaitivu');
INSERT INTO cms_district VALUES('2024-07-04 11:10:38.479584','2024-07-04 11:10:38.479584',15,'Batticaloa');
INSERT INTO cms_district VALUES('2024-07-04 11:10:38.480663','2024-07-04 11:10:38.480663',16,'Ampara');
INSERT INTO cms_district VALUES('2024-07-04 11:10:38.481669','2024-07-04 11:10:38.481669',17,'Trincomalee');
INSERT INTO cms_district VALUES('2024-07-04 11:10:38.481669','2024-07-04 11:10:38.481669',18,'Kurunegala');
INSERT INTO cms_district VALUES('2024-07-04 11:10:38.482664','2024-07-04 11:10:38.482664',19,'Puttalam');
INSERT INTO cms_district VALUES('2024-07-04 11:10:38.483672','2024-07-04 11:10:38.483672',20,'Anuradhapura');
INSERT INTO cms_district VALUES('2024-07-04 11:10:38.484671','2024-07-04 11:10:38.484671',21,'Polonnaruwa');
INSERT INTO cms_district VALUES('2024-07-04 11:10:38.486683','2024-07-04 11:10:38.486683',22,'Badulla');
INSERT INTO cms_district VALUES('2024-07-04 11:10:38.487682','2024-07-04 11:10:38.487682',23,'Moneragala');
INSERT INTO cms_district VALUES('2024-07-04 11:10:38.488682','2024-07-04 11:10:38.488682',24,'Ratnapura');
INSERT INTO cms_district VALUES('2024-07-04 11:10:38.489682','2024-07-04 11:10:38.489682',25,'Kegalle');
CREATE TABLE IF NOT EXISTS "cms_province" ("created_at" datetime NOT NULL, "updated_at" datetime NOT NULL, "id" integer NOT NULL PRIMARY KEY AUTOINCREMENT, "name" varchar(255) NOT NULL);
INSERT INTO cms_province VALUES('2024-07-04 11:12:44.145073','2024-07-04 11:12:44.145073',1,'Western');
INSERT INTO cms_province VALUES('2024-07-04 11:12:44.146485','2024-07-04 11:12:44.146485',2,'Central');
INSERT INTO cms_province VALUES('2024-07-04 11:12:44.146984','2024-07-04 11:12:44.146984',3,'Southern');
INSERT INTO cms_province VALUES('2024-07-04 11:12:44.148075','2024-07-04 11:12:44.148579',4,'Northern');
INSERT INTO cms_province VALUES('2024-07-04 11:12:44.149527','2024-07-04 11:12:44.149527',5,'Eastern');
INSERT INTO cms_province VALUES('2024-07-04 11:12:44.150072','2024-07-04 11:12:44.150072',6,'North Western');
INSERT INTO cms_province VALUES('2024-07-04 11:12:44.151077','2024-07-04 11:12:44.151077',7,'North Central');
INSERT INTO cms_province VALUES('2024-07-04 11:12:44.152016','2024-07-04 11:12:44.152016',8,'Uva');
INSERT INTO cms_province VALUES('2024-07-04 11:12:44.153114','2024-07-04 11:12:44.153114',9,'Sabaragamuwa');
CREATE TABLE IF NOT EXISTS "cms_placeactivity" ("created_at" datetime NOT NULL, "updated_at" datetime NOT NULL, "id" integer NOT NULL PRIMARY KEY AUTOINCREMENT, "description" text NULL, "data" text NULL CHECK ((JSON_VALID("data") OR "data" IS NULL)), "activity_id" integer NULL REFERENCES "cms_activity" ("activity_id") DEFERRABLE INITIALLY DEFERRED, "place_id" integer NULL REFERENCES "cms_place" ("place_id") DEFERRABLE INITIALLY DEFERRED);
INSERT INTO cms_placeactivity VALUES('2024-07-04 12:00:22.505095','2024-07-04 12:00:22.505095',1,'Hiking to the top of Sigiriya','"null"',4,1);
INSERT INTO cms_placeactivity VALUES('2024-07-04 12:00:22.510991','2024-07-04 12:00:22.510991',2,'Visiting the sacred Temple of the Tooth','"null"',14,2);
INSERT INTO cms_placeactivity VALUES('2024-07-04 12:00:22.512990','2024-07-04 12:00:22.512990',3,'Wildlife safari in Yala National Park','"null"',3,3);
INSERT INTO cms_placeactivity VALUES('2024-07-04 12:00:22.513991','2024-07-04 12:00:22.513991',4,'Cultural tour of Galle Fort','"null"',5,4);
INSERT INTO cms_placeactivity VALUES('2024-07-04 12:00:22.514992','2024-07-04 12:00:22.514992',5,'Relaxing at the scenic Ella','"null"',10,5);
INSERT INTO cms_placeactivity VALUES('2024-07-04 12:00:22.515991','2024-07-04 12:00:22.515991',6,'Hiking at Horton Plains','"null"',4,6);
INSERT INTO cms_placeactivity VALUES('2024-07-04 12:00:22.516989','2024-07-04 12:00:22.516989',7,'Pilgrimage to Adams Peak','"null"',11,7);
INSERT INTO cms_placeactivity VALUES('2024-07-04 12:00:22.517989','2024-07-04 12:00:22.517989',8,'Elephant safari at Pinnawala','"null"',3,8);
INSERT INTO cms_placeactivity VALUES('2024-07-04 12:00:22.518991','2024-07-04 12:00:22.518991',9,'Surfing at Mirissa','"null"',1,9);
INSERT INTO cms_placeactivity VALUES('2024-07-04 12:00:22.518991','2024-07-04 12:00:22.518991',10,'Cultural tour of Polonnaruwa','"null"',5,10);
INSERT INTO cms_placeactivity VALUES('2024-07-04 12:00:22.519990','2024-07-04 12:00:22.519990',11,'Cultural tour of Anuradhapura','"null"',5,11);
INSERT INTO cms_placeactivity VALUES('2024-07-04 12:00:22.520990','2024-07-04 12:00:22.520990',12,'Snorkeling at Bentota','"null"',7,12);
INSERT INTO cms_placeactivity VALUES('2024-07-04 12:00:22.521990','2024-07-04 12:00:22.521990',13,'Temple visit at Dambulla Cave Temple','"null"',14,13);
INSERT INTO cms_placeactivity VALUES('2024-07-04 12:00:22.522990','2024-07-04 12:00:22.522990',14,'Wildlife safari at Udawalawe','"null"',3,14);
INSERT INTO cms_placeactivity VALUES('2024-07-04 12:00:22.523990','2024-07-04 12:00:22.523990',15,'Surfing at Arugam Bay','"null"',1,15);
INSERT INTO cms_placeactivity VALUES('2024-07-04 12:00:22.524990','2024-07-04 12:00:22.524990',16,'Tea plantation tour in Nuwara Eliya','"null"',9,16);
INSERT INTO cms_placeactivity VALUES('2024-07-04 12:00:22.525992','2024-07-04 12:00:22.525992',17,'Snorkeling at Trincomalee','"null"',7,17);
INSERT INTO cms_placeactivity VALUES('2024-07-04 12:00:22.530207','2024-07-04 12:00:22.530207',18,'Cultural tour of Jaffna','"null"',5,18);
INSERT INTO cms_placeactivity VALUES('2024-07-04 12:00:22.531384','2024-07-04 12:00:22.531384',19,'Wildlife safari at Wilpattu','"null"',3,19);
INSERT INTO cms_placeactivity VALUES('2024-07-04 12:00:22.532406','2024-07-04 12:00:22.532406',20,'Shopping in Colombo','"null"',12,20);
INSERT INTO cms_placeactivity VALUES('2024-07-04 12:00:22.533384','2024-07-04 12:00:22.533384',21,'Hiking and nature walks in Sinharaja','"null"',4,21);
INSERT INTO cms_placeactivity VALUES('2024-07-04 12:00:22.534385','2024-07-04 12:00:22.534385',22,'Boating and relaxing at Kandy Lake','"null"',10,22);
INSERT INTO cms_placeactivity VALUES('2024-07-04 12:00:22.536386','2024-07-04 12:00:22.536386',23,'Hiking to Ramboda Falls','"null"',4,23);
INSERT INTO cms_placeactivity VALUES('2024-07-04 12:00:22.537481','2024-07-04 12:00:22.537481',24,'Temple visit at Kelaniya Raja Maha Vihara','"null"',14,24);
INSERT INTO cms_placeactivity VALUES('2024-07-04 12:00:22.539385','2024-07-04 12:00:22.539385',25,'Pilgrimage to Mahiyanganaya Temple','"null"',11,25);
INSERT INTO cms_placeactivity VALUES('2024-07-04 12:00:22.540474','2024-07-04 12:00:22.540474',26,'Boat safari on Madu River','"null"',7,26);
INSERT INTO cms_placeactivity VALUES('2024-07-04 12:00:22.541478','2024-07-04 12:00:22.541478',27,'Wildlife safari in Gal Oya National Park','"null"',3,27);
INSERT INTO cms_placeactivity VALUES('2024-07-04 12:00:22.542419','2024-07-04 12:00:22.542419',28,'Bird watching in Bundala National Park','"null"',6,28);
INSERT INTO cms_placeactivity VALUES('2024-07-04 12:00:22.544472','2024-07-04 12:00:22.544472',29,'Snorkeling at Pigeon Island','"null"',7,29);
INSERT INTO cms_placeactivity VALUES('2024-07-04 12:00:22.546653','2024-07-04 12:00:22.546653',30,'White-water rafting in Kitulgala','"null"',15,30);
INSERT INTO cms_placeactivity VALUES('2024-07-04 12:00:22.547637','2024-07-04 12:00:22.547637',31,'Wildlife safari in Minneriya National Park','"null"',3,31);
INSERT INTO cms_placeactivity VALUES('2024-07-04 12:00:22.548679','2024-07-04 12:00:22.548679',32,'Hiking in Knuckles Mountain Range','"null"',4,32);
INSERT INTO cms_placeactivity VALUES('2024-07-04 12:00:22.549691','2024-07-04 12:00:22.549691',33,'Pilgrimage to Sri Pada (Adam''s Peak)','"null"',11,33);
INSERT INTO cms_placeactivity VALUES('2024-07-04 12:00:22.550679','2024-07-04 12:00:22.550679',34,'Temple visit at Lankatilaka Vihara','"null"',14,34);
INSERT INTO cms_placeactivity VALUES('2024-07-04 12:00:22.551602','2024-07-04 12:00:22.551602',35,'Photography at Dondra Head Lighthouse','"null"',19,35);
INSERT INTO cms_placeactivity VALUES('2024-07-04 12:00:22.552673','2024-07-04 12:00:22.552673',36,'Temple visit at Ruwanwelisaya','"null"',14,36);
INSERT INTO cms_placeactivity VALUES('2024-07-04 12:00:22.554591','2024-07-04 12:00:22.554591',37,'Temple visit at Koneswaram Temple','"null"',14,37);
INSERT INTO cms_placeactivity VALUES('2024-07-04 12:00:22.555675','2024-07-04 12:00:22.555675',38,'Wildlife safari in Kaudulla National Park','"null"',3,38);
INSERT INTO cms_placeactivity VALUES('2024-07-04 12:00:22.556675','2024-07-04 12:00:22.556675',39,'Visiting mask makers in Ambalangoda','"null"',14,39);
INSERT INTO cms_placeactivity VALUES('2024-07-04 12:00:22.557677','2024-07-04 12:00:22.557677',40,'Wildlife safari in Wasgamuwa National Park','"null"',3,40);
INSERT INTO cms_placeactivity VALUES('2024-07-04 12:00:22.559595','2024-07-04 12:00:22.559595',41,'Snorkeling at Hikkaduwa','"null"',7,41);
INSERT INTO cms_placeactivity VALUES('2024-07-04 12:00:22.561931','2024-07-04 12:00:22.561931',42,'Temple visit at Mulgirigala Raja Maha Vihara','"null"',14,42);
INSERT INTO cms_placeactivity VALUES('2024-07-04 12:00:22.563911','2024-07-04 12:00:22.563911',43,'Hiking and exploring Meemure','"null"',4,43);
INSERT INTO cms_placeactivity VALUES('2024-07-04 12:00:22.565988','2024-07-04 12:00:22.565988',44,'Photography at Kudawella Blow Hole','"null"',19,44);
INSERT INTO cms_placeactivity VALUES('2024-07-04 12:00:22.566974','2024-07-04 12:00:22.566974',45,'Nature walks in Seethawaka Botanical Garden','"null"',4,45);
INSERT INTO cms_placeactivity VALUES('2024-07-04 12:00:22.568928','2024-07-04 12:00:22.568928',46,'Trekking in Makandawa Forest Reserve','"null"',4,46);
INSERT INTO cms_placeactivity VALUES('2024-07-04 12:00:22.569983','2024-07-04 12:00:22.569983',47,'Hiking to Dunhinda Falls','"null"',4,47);
INSERT INTO cms_placeactivity VALUES('2024-07-04 12:00:22.570971','2024-07-04 12:00:22.570971',48,'Relaxing at Viharamahadevi Park','"null"',10,48);
INSERT INTO cms_placeactivity VALUES('2024-07-04 12:00:22.570971','2024-07-04 12:00:22.570971',49,'Cultural tour of Richmond Castle','"null"',5,49);
INSERT INTO cms_placeactivity VALUES('2024-07-04 12:00:22.571982','2024-07-04 12:00:22.571982',50,'Temple visit at Jaya Sri Maha Bodhi','"null"',14,50);
INSERT INTO cms_placeactivity VALUES('2024-07-04 12:00:22.572974','2024-07-04 12:00:22.572974',51,'Temple visit at Isurumuniya Vihara','"null"',14,51);
INSERT INTO cms_placeactivity VALUES('2024-07-04 12:00:22.573978','2024-07-04 12:00:22.573978',52,'Exploring Parakrama Samudra','"null"',4,52);
INSERT INTO cms_placeactivity VALUES('2024-07-04 12:00:22.576226','2024-07-04 12:00:22.576226',53,'Nature walks in Mirijjawila Botanical Garden','"null"',4,53);
INSERT INTO cms_placeactivity VALUES('2024-07-04 12:00:22.576627','2024-07-04 12:00:22.576627',54,'Relaxing at Thalpe Beach','"null"',10,54);
INSERT INTO cms_placeactivity VALUES('2024-07-04 12:00:22.578872','2024-07-04 12:00:22.578872',55,'Boat tours on Dutch Canal','"null"',7,55);
INSERT INTO cms_placeactivity VALUES('2024-07-04 12:00:22.580906','2024-07-04 12:00:22.580906',56,'Exploring Ussangoda','"null"',4,56);
INSERT INTO cms_placeactivity VALUES('2024-07-04 12:00:22.583958','2024-07-04 12:00:22.583958',57,'Hiking to Diyaluma Falls','"null"',4,57);
INSERT INTO cms_placeactivity VALUES('2024-07-04 12:00:22.584964','2024-07-04 12:00:22.584964',58,'White-water rafting on Kelani River','"null"',15,58);
INSERT INTO cms_placeactivity VALUES('2024-07-04 12:00:22.585946','2024-07-04 12:00:22.585946',59,'Relaxing at Thalpe Beach','"null"',10,59);
INSERT INTO cms_placeactivity VALUES('2024-07-04 12:00:22.586912','2024-07-04 12:00:22.586912',60,'Nature walks on Moon Plains','"null"',4,60);
INSERT INTO cms_placeactivity VALUES('2024-07-04 12:00:22.587956','2024-07-04 12:00:22.587956',61,'Visiting Mask Museum in Ambalangoda','"null"',5,61);
INSERT INTO cms_placeactivity VALUES('2024-07-04 12:00:22.588925','2024-07-04 12:00:22.588925',62,'Temple visit at Ridi Vihara','"null"',14,62);
INSERT INTO cms_placeactivity VALUES('2024-07-04 12:00:22.589966','2024-07-04 12:00:22.589966',63,'Shopping at Independence Square','"null"',12,63);
INSERT INTO cms_placeactivity VALUES('2024-07-04 12:00:22.595263','2024-07-04 12:00:22.595263',64,'Temple visit at Bellanwila Rajamaha Viharaya','"null"',14,64);
INSERT INTO cms_placeactivity VALUES('2024-07-04 12:00:22.596291','2024-07-04 12:00:22.596291',65,'Bird watching at Talangama Wetland','"null"',6,65);
INSERT INTO cms_placeactivity VALUES('2024-07-04 12:00:22.597308','2024-07-04 12:00:22.597308',66,'Relaxing at Bentota Beach','"null"',10,66);
INSERT INTO cms_placeactivity VALUES('2024-07-04 12:00:22.598350','2024-07-04 12:00:22.598350',67,'Exploring Ravana Falls','"null"',4,67);
INSERT INTO cms_placeactivity VALUES('2024-07-04 12:00:22.599355','2024-07-04 12:00:22.599355',68,'Cultural tour of Thambapanni','"null"',5,68);
INSERT INTO cms_placeactivity VALUES('2024-07-04 12:00:22.600364','2024-07-04 12:00:22.600364',69,'Pilgrimage to Kataragama','"null"',11,69);
INSERT INTO cms_placeactivity VALUES('2024-07-04 12:00:22.601342','2024-07-04 12:00:22.601342',70,'Cycling to Kanniya Hot Springs','"null"',16,70);
INSERT INTO cms_placeactivity VALUES('2024-07-04 12:00:22.602356','2024-07-04 12:00:22.602356',71,'Relaxing at Nilaveli Beach','"null"',10,71);
INSERT INTO cms_placeactivity VALUES('2024-07-04 12:00:22.603357','2024-07-04 12:00:22.603357',72,'Boat safari on Kok River','"null"',7,72);
INSERT INTO cms_placeactivity VALUES('2024-07-04 12:00:22.604347','2024-07-04 12:00:22.604347',73,'Temple visit at Muhudu Maha Viharaya','"null"',14,73);
INSERT INTO cms_placeactivity VALUES('2024-07-04 12:00:22.605362','2024-07-04 12:00:22.605362',74,'Relaxing at Passikudah Beach','"null"',10,74);
INSERT INTO cms_placeactivity VALUES('2024-07-04 12:00:22.606346','2024-07-04 12:00:22.606346',75,'Temple visit at Gal Vihara','"null"',14,75);
INSERT INTO cms_placeactivity VALUES('2024-07-04 12:00:22.607871','2024-07-04 12:00:22.607871',76,'Boating on Lake Gregory','"null"',10,76);
INSERT INTO cms_placeactivity VALUES('2024-07-04 12:00:22.609108','2024-07-04 12:00:22.609108',77,'Wildlife safari in Maduru Oya National Park','"null"',3,77);
INSERT INTO cms_placeactivity VALUES('2024-07-04 12:00:22.610105','2024-07-04 12:00:22.610105',78,'Temple visit at Abhayagiriya Stupa','"null"',14,78);
INSERT INTO cms_placeactivity VALUES('2024-07-04 12:00:22.611103','2024-07-04 12:00:22.611103',79,'Hiking in Ritigala','"null"',4,79);
INSERT INTO cms_placeactivity VALUES('2024-07-04 12:00:22.613224','2024-07-04 12:00:22.613224',80,'Temple visit at Nallur Kandaswamy Kovil','"null"',14,80);
INSERT INTO cms_placeactivity VALUES('2024-07-04 12:00:22.614195','2024-07-04 12:00:22.614195',81,'Nature walks in Hakgala Botanical Garden','"null"',4,81);
INSERT INTO cms_placeactivity VALUES('2024-07-04 12:00:22.615196','2024-07-04 12:00:22.615196',82,'Relaxing at Victoria Park','"null"',10,82);
INSERT INTO cms_placeactivity VALUES('2024-07-04 12:00:22.616196','2024-07-04 12:00:22.616196',83,'Hiking to Elephant Rock','"null"',4,83);
INSERT INTO cms_placeactivity VALUES('2024-07-04 12:00:22.623139','2024-07-04 12:00:22.623139',84,'Shopping at Dutch Hospital','"null"',12,84);
INSERT INTO cms_placeactivity VALUES('2024-07-04 12:00:22.624143','2024-07-04 12:00:22.624143',85,'Bird watching at Koggala Lake','"null"',7,85);
INSERT INTO cms_placeactivity VALUES('2024-07-04 12:00:22.625109','2024-07-04 12:00:22.625109',86,'Nature walks in Udawatta Kele Sanctuary','"null"',4,86);
INSERT INTO cms_placeactivity VALUES('2024-07-04 12:00:22.627114','2024-07-04 12:00:22.627114',87,'Pilgrimage to Madhu Church','"null"',11,87);
INSERT INTO cms_placeactivity VALUES('2024-07-04 12:00:22.629104','2024-07-04 12:00:22.629104',88,'Exploring Brief Garden','"null"',4,88);
INSERT INTO cms_placeactivity VALUES('2024-07-04 12:00:22.630136','2024-07-04 12:00:22.630136',89,'Bird watching in Kalametiya Bird Sanctuary','"null"',6,89);
INSERT INTO cms_placeactivity VALUES('2024-07-04 12:00:22.632150','2024-07-04 12:00:22.632150',90,'Relaxing at Mannar Island','"null"',10,90);
INSERT INTO cms_placeactivity VALUES('2024-07-04 12:00:22.633106','2024-07-04 12:00:22.633106',91,'Hiking to Pidurangala Rock','"null"',4,91);
INSERT INTO cms_placeactivity VALUES('2024-07-04 12:00:22.634144','2024-07-04 12:00:22.634144',92,'Pilgrimage to Mihintale','"null"',11,92);
INSERT INTO cms_placeactivity VALUES('2024-07-04 12:00:22.635195','2024-07-04 12:00:22.635195',93,'Bird watching in Bundala National Park','"null"',6,93);
INSERT INTO cms_placeactivity VALUES('2024-07-04 12:00:22.636189','2024-07-04 12:00:22.636189',94,'Wildlife safari in Yala East National Park','"null"',3,94);
INSERT INTO cms_placeactivity VALUES('2024-07-04 12:00:22.638298','2024-07-04 12:00:22.638298',95,'Relaxing at Taprobane Island','"null"',10,95);
INSERT INTO cms_placeactivity VALUES('2024-07-04 12:00:22.639490','2024-07-04 12:00:22.639490',96,'Visiting the Sri Lanka Air Force Museum','"null"',18,96);
INSERT INTO cms_placeactivity VALUES('2024-07-04 12:00:22.640578','2024-07-04 12:00:22.640578',97,'Photography at Colombo Lighthouse','"null"',19,97);
INSERT INTO cms_placeactivity VALUES('2024-07-04 12:00:22.641576','2024-07-04 12:00:22.641576',98,'Photography at Hummanaya Blow Hole','"null"',19,98);
INSERT INTO cms_placeactivity VALUES('2024-07-04 12:00:22.643490','2024-07-04 12:00:22.643490',99,'Cultural tour of Star Fort','"null"',5,99);
INSERT INTO cms_placeactivity VALUES('2024-07-04 12:00:22.644577','2024-07-04 12:00:22.644577',100,'Hiking to St. Clairs Falls','"null"',4,100);
CREATE TABLE IF NOT EXISTS "cms_place" ("created_at" datetime NOT NULL, "updated_at" datetime NOT NULL, "place_id" integer NOT NULL PRIMARY KEY AUTOINCREMENT, "place_name" varchar(255) NOT NULL, "description" text NULL, "district_id" integer NULL REFERENCES "cms_district" ("id") DEFERRABLE INITIALLY DEFERRED, "ticket_price" decimal NULL, "location" varchar(255) NULL, "latitude" real NULL, "longitude" real NULL, "how_to_visit" text NULL, "best_time_to_visit_in_year" varchar(100) NULL, "data" text NULL CHECK ((JSON_VALID("data") OR "data" IS NULL)), "province_id" integer NULL REFERENCES "cms_province" ("id") DEFERRABLE INITIALLY DEFERRED);
INSERT INTO cms_place VALUES('2024-07-04 11:51:06.242546','2024-07-04 11:51:06.242546',1,'Sigiriya','Ancient rock fortress with frescoes and gardens',5,30,'LKR',7.956999999999999851,80.76030000000000086,'Bus from Dambulla','January to April','"null"',2);
INSERT INTO cms_place VALUES('2024-07-04 11:51:06.246617','2024-07-04 11:51:06.246617',2,'Temple of the Tooth','Sacred Buddhist temple in the city of Kandy',4,10,'LKR',7.29359999999999964,80.64109999999999445,'Bus or train to Kandy','December to April','"null"',2);
INSERT INTO cms_place VALUES('2024-07-04 11:51:06.248614','2024-07-04 11:51:06.248614',3,'Yala National Park','Wildlife park with elephants, leopards, and birds',9,20,'LKR',6.361900000000000332,81.52039999999999509,'Bus from Tissamaharama','February to July','"null"',3);
INSERT INTO cms_place VALUES('2024-07-04 11:51:06.249614','2024-07-04 11:51:06.249614',4,'Galle Fort','Historic fortress with museums and shops',7,0,'N/A',6.032899999999999708,80.21699999999999875,'Bus or train to Galle','January to April','"null"',3);
INSERT INTO cms_place VALUES('2024-07-04 11:51:06.252292','2024-07-04 11:51:06.252292',5,'Ella','Scenic hill town with tea plantations and waterfalls',22,0,'N/A',6.875399999999999956,81.04630000000000222,'Train from Kandy or Colombo','January to April','"null"',8);
INSERT INTO cms_place VALUES('2024-07-04 11:51:06.253704','2024-07-04 11:51:06.253704',6,'Horton Plains','National park with World''s End cliff and Baker''s Falls',6,20,'LKR',6.80459999999999976,80.80639999999999646,'Bus from Nuwara Eliya','January to April','"null"',2);
INSERT INTO cms_place VALUES('2024-07-04 11:51:06.255148','2024-07-04 11:51:06.255148',7,'Adams Peak','Sacred mountain with pilgrimage trail',24,0,'N/A',6.809700000000000308,80.49949999999999762,'Bus from Hatton or Ratnapura','December to May','"null"',9);
INSERT INTO cms_place VALUES('2024-07-04 11:51:06.256182','2024-07-04 11:51:06.256182',8,'Pinnawala Elephant','Orphanage for elephants with feeding and bathing',25,20,'LKR',7.290600000000000413,80.40900000000000603,'Bus from Kegalle','January to April','"null"',9);
INSERT INTO cms_place VALUES('2024-07-04 11:51:06.257824','2024-07-04 11:51:06.257824',9,'Mirissa','Beach town known for whale watching and surfing',8,0,'N/A',5.948900000000000076,80.45420000000000015,'Bus from Matara','November to April','"null"',3);
INSERT INTO cms_place VALUES('2024-07-04 11:51:06.259497','2024-07-04 11:51:06.259497',10,'Polonnaruwa','Ancient city with ruins of palaces and temples',21,25,'LKR',7.939700000000000201,81.0016999999999996,'Bus from Habarana','January to April','"null"',7);
INSERT INTO cms_place VALUES('2024-07-04 11:51:06.260495','2024-07-04 11:51:06.260495',11,'Anuradhapura','Ancient city with stupas and temples',20,20,'LKR',8.311400000000000788,80.40370000000000061,'Bus from Dambulla','April to September','"null"',7);
INSERT INTO cms_place VALUES('2024-07-04 11:51:06.261912','2024-07-04 11:51:06.261912',12,'Bentota','Coastal town with beaches and water sports',7,0,'N/A',6.425500000000000433,80.00180000000000291,'Train from Colombo','October to April','"null"',3);
INSERT INTO cms_place VALUES('2024-07-04 11:51:06.263271','2024-07-04 11:51:06.263271',13,'Dambulla Cave Temple','Buddhist temple complex with cave paintings',5,10,'LKR',7.85609999999999964,80.64950000000000329,'Bus from Sigiriya','January to April','"null"',2);
INSERT INTO cms_place VALUES('2024-07-04 11:51:06.265775','2024-07-04 11:51:06.265775',14,'Udawalawe','National park with elephants and bird watching',24,15,'LKR',6.46630000000000038,80.79840000000000088,'Bus from Ratnapura','February to July','"null"',9);
INSERT INTO cms_place VALUES('2024-07-04 11:51:06.267847','2024-07-04 11:51:06.267847',15,'Arugam Bay','Popular beach for surfing and laid-back atmosphere',16,0,'N/A',6.838199999999999613,81.83830000000000381,'Bus from Pottuvil','April to October','"null"',5);
INSERT INTO cms_place VALUES('2024-07-04 11:51:06.268799','2024-07-04 11:51:06.268799',16,'Nuwara Eliya','Hill town with colonial architecture and tea gardens',6,0,'N/A',6.949699999999999989,80.78910000000000479,'Train from Kandy','February to April','"null"',2);
INSERT INTO cms_place VALUES('2024-07-04 11:51:06.269853','2024-07-04 11:51:06.269853',17,'Trincomalee','Coastal town with historical sites and beaches',17,0,'N/A',8.587400000000000589,81.21519999999999584,'Bus from Colombo','April to October','"null"',5);
INSERT INTO cms_place VALUES('2024-07-04 11:51:06.271776','2024-07-04 11:51:06.271776',18,'Jaffna','Northern city with temples and colonial buildings',10,0,'N/A',9.66150000000000019,80.02549999999999386,'Train or bus from Colombo','January to April','"null"',4);
INSERT INTO cms_place VALUES('2024-07-04 11:51:06.272775','2024-07-04 11:51:06.272775',19,'Wilpattu','National park with leopards and wildlife',19,25,'LKR',8.409499999999999532,80.15149999999999864,'Bus from Anuradhapura','February to October','"null"',6);
INSERT INTO cms_place VALUES('2024-07-04 11:51:06.274774','2024-07-04 11:51:06.274774',20,'Colombo','Capital city with historical sites and modern amenities',1,0,'N/A',6.927100000000000257,79.86119999999999664,'Bus or train from anywhere','November to April','"null"',1);
INSERT INTO cms_place VALUES('2024-07-04 11:51:06.275774','2024-07-04 11:51:06.275774',21,'Sinharaja Forest Reserve','Biodiversity hotspot with unique flora and fauna',24,20,'LKR',6.400000000000000355,80.5,'Bus from Ratnapura','January to April','"null"',9);
INSERT INTO cms_place VALUES('2024-07-04 11:51:06.277761','2024-07-04 11:51:06.277761',22,'Kandy Lake','Artificial lake in the heart of Kandy',4,0,'N/A',7.290600000000000413,80.64050000000000295,'Walking distance from Kandy city','December to April','"null"',2);
INSERT INTO cms_place VALUES('2024-07-04 11:51:06.278763','2024-07-04 11:51:06.278763',23,'Ramboda Falls','Stunning waterfall with viewpoints and trails',6,0,'N/A',7.05850000000000044,80.75310000000000343,'Bus from Nuwara Eliya','January to April','"null"',2);
INSERT INTO cms_place VALUES('2024-07-04 11:51:06.280757','2024-07-04 11:51:06.280757',24,'Kelaniya Raja Maha Vihara','Historic Buddhist temple with ancient relics',2,0,'N/A',6.95530000000000026,79.91630000000000678,'Bus from Colombo','January to April','"null"',1);
INSERT INTO cms_place VALUES('2024-07-04 11:51:06.286554','2024-07-04 11:51:06.286554',25,'Mahiyanganaya Temple','Sacred Buddhist site with ancient dagoba',22,0,'N/A',7.345100000000000406,81.01659999999999684,'Bus from Badulla','January to April','"null"',8);
INSERT INTO cms_place VALUES('2024-07-04 11:51:06.288574','2024-07-04 11:51:06.288574',26,'Madu River','Scenic river with boat safaris and mangrove forests',7,0,'N/A',6.296800000000000174,80.03700000000000614,'Bus from Balapitiya','January to April','"null"',3);
INSERT INTO cms_place VALUES('2024-07-04 11:51:06.290575','2024-07-04 11:51:06.290575',27,'Gal Oya National Park','National park with unique boat safaris',16,20,'LKR',7.123499999999999944,81.43559999999999376,'Bus from Ampara','January to April','"null"',5);
INSERT INTO cms_place VALUES('2024-07-04 11:51:06.292571','2024-07-04 11:51:06.292571',28,'Bundala National Park','Coastal wetland with rich birdlife',9,20,'LKR',6.211100000000000065,81.17980000000000018,'Bus from Hambantota','December to April','"null"',3);
INSERT INTO cms_place VALUES('2024-07-04 11:51:06.293572','2024-07-04 11:51:06.293572',29,'Pigeon Island','Marine national park with coral reefs and snorkeling',17,15,'LKR',8.718400000000000816,81.21659999999999969,'Boat from Nilaveli','April to October','"null"',5);
INSERT INTO cms_place VALUES('2024-07-04 11:51:06.295572','2024-07-04 11:51:06.295572',30,'Kitulgala','Adventure town known for white-water rafting',25,0,'N/A',6.990300000000000402,80.42279999999999518,'Bus from Kegalle','January to April','"null"',9);
INSERT INTO cms_place VALUES('2024-07-04 11:51:06.298181','2024-07-04 11:51:06.298181',31,'Minneriya National Park','Wildlife park known for the elephant gathering',21,20,'LKR',8.037900000000000488,80.90430000000000633,'Bus from Polonnaruwa','May to October','"null"',7);
INSERT INTO cms_place VALUES('2024-07-04 11:51:06.300175','2024-07-04 11:51:06.300175',32,'Knuckles Mountain Range','Biodiversity hotspot with hiking trails',5,0,'N/A',7.460600000000000342,80.77599999999999625,'Bus from Matale','January to April','"null"',2);
INSERT INTO cms_place VALUES('2024-07-04 11:51:06.301181','2024-07-04 11:51:06.301181',33,'Sri Pada','Another name for Adams Peak',24,0,'N/A',6.809700000000000308,80.49949999999999762,'Bus from Hatton or Ratnapura','December to May','"null"',9);
INSERT INTO cms_place VALUES('2024-07-04 11:51:06.302174','2024-07-04 11:51:06.302174',34,'Lankatilaka Vihara','Ancient Buddhist temple with unique architecture',4,0,'N/A',7.278900000000000147,80.59590000000000031,'Bus from Kandy','January to April','"null"',2);
INSERT INTO cms_place VALUES('2024-07-04 11:51:06.304179','2024-07-04 11:51:06.304179',35,'Dondra Head Lighthouse','Southernmost point of Sri Lanka with panoramic views',8,0,'N/A',5.920499999999999652,80.59449999999999648,'Bus from Matara','January to April','"null"',3);
INSERT INTO cms_place VALUES('2024-07-04 11:51:06.305181','2024-07-04 11:51:06.305181',36,'Ruwanwelisaya','Ancient stupa in Anuradhapura',20,0,'N/A',8.351499999999999702,80.39679999999999894,'Bus from Anuradhapura','April to September','"null"',7);
INSERT INTO cms_place VALUES('2024-07-04 11:51:06.307178','2024-07-04 11:51:06.307178',37,'Koneswaram Temple','Hindu temple with stunning sea views',17,0,'N/A',8.575300000000000366,81.2325000000000017,'Bus from Trincomalee','April to October','"null"',5);
INSERT INTO cms_place VALUES('2024-07-04 11:51:06.310773','2024-07-04 11:51:06.310773',38,'Kaudulla National Park','Wildlife park known for elephants and birds',21,20,'LKR',8.23419999999999952,80.90800000000000125,'Bus from Habarana','May to October','"null"',7);
INSERT INTO cms_place VALUES('2024-07-04 11:51:06.312945','2024-07-04 11:51:06.312945',39,'Ambalangoda','Coastal town known for mask making',7,0,'N/A',6.235899999999999999,80.0542999999999978,'Train from Colombo','January to April','"null"',3);
INSERT INTO cms_place VALUES('2024-07-04 11:51:06.315941','2024-07-04 11:51:06.315941',40,'Wasgamuwa National Park','Wildlife park with elephants and bears',5,20,'LKR',7.732099999999999973,80.92329999999999757,'Bus from Matale','January to April','"null"',2);
INSERT INTO cms_place VALUES('2024-07-04 11:51:06.316974','2024-07-04 11:51:06.316974',41,'Hikkaduwa','Beach town known for coral reefs and snorkeling',7,0,'N/A',6.139199999999999769,80.10410000000000252,'Train from Colombo','November to April','"null"',3);
INSERT INTO cms_place VALUES('2024-07-04 11:51:06.318942','2024-07-04 11:51:06.318942',42,'Mulgirigala Raja Maha Vihara','Ancient rock temple with cave paintings',9,0,'N/A',6.152099999999999902,80.81130000000000279,'Bus from Tangalle','January to April','"null"',3);
INSERT INTO cms_place VALUES('2024-07-04 11:51:06.319968','2024-07-04 11:51:06.319968',43,'Meemure','Remote village known for its scenic beauty and traditional lifestyle',4,0,'N/A',7.478399999999999715,80.85039999999999338,'Bus from Kandy','January to April','"null"',2);
INSERT INTO cms_place VALUES('2024-07-04 11:51:06.321960','2024-07-04 11:51:06.321960',44,'Kudawella Blow Hole','Natural blowhole with impressive water spouts',9,0,'N/A',6.049999999999999823,80.78860000000000241,'Bus from Tangalle','January to April','"null"',3);
INSERT INTO cms_place VALUES('2024-07-04 11:51:06.322960','2024-07-04 11:51:06.322960',45,'Seethawaka Botanical Garden','Beautiful botanical garden with diverse flora',1,10,'LKR',6.83480000000000043,80.12470000000000425,'Bus from Colombo','January to April','"null"',1);
INSERT INTO cms_place VALUES('2024-07-04 11:51:06.323959','2024-07-04 11:51:06.323959',46,'Makandawa Forest Reserve','Biodiversity hotspot with trekking and bird watching',25,0,'N/A',6.973300000000000054,80.43909999999999628,'Bus from Kegalle','January to April','"null"',9);
INSERT INTO cms_place VALUES('2024-07-04 11:51:06.325965','2024-07-04 11:51:06.325965',47,'Dunhinda Falls','Stunning waterfall near Badulla',22,0,'N/A',6.997300000000000075,81.04670000000000129,'Bus from Badulla','January to April','"null"',8);
INSERT INTO cms_place VALUES('2024-07-04 11:51:06.327577','2024-07-04 11:51:06.327577',48,'Viharamahadevi Park','Largest public park in Colombo with playgrounds and fountains',1,0,'N/A',6.926999999999999603,79.8662000000000063,'Bus from anywhere in Colombo','November to April','"null"',1);
INSERT INTO cms_place VALUES('2024-07-04 11:51:06.328580','2024-07-04 11:51:06.328580',49,'Richmond Castle','Colonial mansion with beautiful architecture and gardens',3,0,'N/A',6.585399999999999921,79.9615000000000009,'Bus from Kalutara','January to April','"null"',1);
INSERT INTO cms_place VALUES('2024-07-04 11:51:06.330581','2024-07-04 11:51:06.330581',50,'Jaya Sri Maha Bodhi','Sacred fig tree in Anuradhapura',20,0,'N/A',8.346399999999999153,80.39600000000000079,'Bus from Anuradhapura','April to September','"null"',7);
INSERT INTO cms_place VALUES('2024-07-04 11:51:06.332583','2024-07-04 11:51:06.332583',51,'Isurumuniya Vihara','Historic rock temple with beautiful carvings',20,0,'N/A',8.349600000000000577,80.40139999999999532,'Bus from Anuradhapura','April to September','"null"',7);
INSERT INTO cms_place VALUES('2024-07-04 11:51:06.334583','2024-07-04 11:51:06.334583',52,'Parakrama Samudra','Ancient reservoir with scenic views',21,0,'N/A',7.934499999999999887,81.018100000000004,'Bus from Polonnaruwa','January to April','"null"',7);
INSERT INTO cms_place VALUES('2024-07-04 11:51:06.336583','2024-07-04 11:51:06.336583',53,'Mirijjawila Botanical Garden','Botanical garden with diverse flora and themed gardens',9,10,'LKR',6.152199999999999669,81.11969999999999458,'Bus from Hambantota','January to April','"null"',3);
INSERT INTO cms_place VALUES('2024-07-04 11:51:06.337583','2024-07-04 11:51:06.337583',54,'Thalpe','Beach town with natural rock pools',7,0,'N/A',5.980999999999999873,80.25870000000000459,'Bus from Galle','January to April','"null"',3);
INSERT INTO cms_place VALUES('2024-07-04 11:51:06.339583','2024-07-04 11:51:06.339583',55,'Dutch Canal','Historic canal used for transportation and irrigation',19,0,'N/A',8.002000000000000668,79.82670000000000243,'Boat tours available','January to April','"null"',6);
INSERT INTO cms_place VALUES('2024-07-04 11:51:06.340581','2024-07-04 11:51:06.340581',56,'Ussangoda','Coastal plateau with unique red soil',9,0,'N/A',6.147199999999999776,80.89499999999999603,'Bus from Tangalle','January to April','"null"',3);
INSERT INTO cms_place VALUES('2024-07-04 11:51:06.343152','2024-07-04 11:51:06.343152',57,'Diyaluma Falls','Second highest waterfall in Sri Lanka',22,0,'N/A',6.756700000000000372,81.01699999999999591,'Bus from Badulla','January to April','"null"',8);
INSERT INTO cms_place VALUES('2024-07-04 11:51:06.344188','2024-07-04 11:51:06.344188',58,'Kelani River','Scenic river with white-water rafting opportunities',25,0,'N/A',6.980299999999999728,80.4257999999999953,'Bus from Kegalle','January to April','"null"',9);
INSERT INTO cms_place VALUES('2024-07-04 11:51:06.346162','2024-07-04 11:51:06.346162',59,'Moon Plains','Scenic plateau with panoramic views and wildlife',6,10,'LKR',6.946799999999999642,80.77139999999999987,'Bus from Nuwara Eliya','January to April','"null"',2);
INSERT INTO cms_place VALUES('2024-07-04 11:51:06.349163','2024-07-04 11:51:06.349163',60,'Mask Museum','Museum showcasing traditional Sri Lankan masks',7,0,'N/A',6.235899999999999999,80.0542999999999978,'Train from Colombo','January to April','"null"',3);
INSERT INTO cms_place VALUES('2024-07-04 11:51:06.353159','2024-07-04 11:51:06.353159',61,'Ridi Vihara','Ancient Buddhist temple with beautiful frescoes',18,0,'N/A',7.556600000000000427,80.44849999999999568,'Bus from Kurunegala','January to April','"null"',6);
INSERT INTO cms_place VALUES('2024-07-04 11:51:06.354162','2024-07-04 11:51:06.354162',62,'Independence Square','Historic square commemorating Sri Lanka''s independence',1,0,'N/A',6.914799999999999614,79.87810000000000343,'Bus from anywhere in Colombo','November to April','"null"',1);
INSERT INTO cms_place VALUES('2024-07-04 11:51:06.356160','2024-07-04 11:51:06.356160',63,'Bellanwila Rajamaha Viharaya','Ancient Buddhist temple with sacred Bodhi tree',1,0,'N/A',6.835799999999999877,79.87770000000000436,'Bus from Colombo','January to April','"null"',1);
INSERT INTO cms_place VALUES('2024-07-04 11:51:06.357162','2024-07-04 11:51:06.357162',64,'Talangama Wetland','Urban wetland with rich birdlife',1,0,'N/A',6.891399999999999971,79.90909999999999514,'Bus from Colombo','January to April','"null"',1);
INSERT INTO cms_place VALUES('2024-07-04 11:51:06.359160','2024-07-04 11:51:06.359160',65,'Bentota Beach','Coastal town with sandy beaches and water sports',7,0,'N/A',6.425500000000000433,80.00180000000000291,'Train from Colombo','October to April','"null"',3);
INSERT INTO cms_place VALUES('2024-07-04 11:51:06.360162','2024-07-04 11:51:06.360162',66,'Ravana Falls','Scenic waterfall with legends related to the epic Ramayana',22,0,'N/A',6.841599999999999682,81.05020000000000379,'Bus from Ella','January to April','"null"',8);
INSERT INTO cms_place VALUES('2024-07-04 11:51:06.361162','2024-07-04 11:51:06.361162',67,'Thambapanni','Historical site linked to the arrival of Prince Vijaya',19,0,'N/A',7.989399999999999836,79.85229999999999962,'Bus from Chilaw','January to April','"null"',6);
INSERT INTO cms_place VALUES('2024-07-04 11:51:06.363160','2024-07-04 11:51:06.363160',68,'Kataragama','Sacred town with multi-religious temples',23,0,'N/A',6.419200000000000017,81.33369999999999322,'Bus from Tissamaharama','January to April','"null"',8);
INSERT INTO cms_place VALUES('2024-07-04 11:51:06.365175','2024-07-04 11:51:06.365175',69,'Kanniya Hot Springs','Ancient hot springs with therapeutic properties',17,0,'N/A',8.570000000000000284,81.21250000000000569,'Bus from Trincomalee','April to October','"null"',5);
INSERT INTO cms_place VALUES('2024-07-04 11:51:06.366160','2024-07-04 11:51:06.366160',70,'Nilaveli Beach','Beautiful beach known for its clear waters and tranquility',17,0,'N/A',8.740000000000000213,81.22280000000000655,'Bus from Trincomalee','April to October','"null"',5);
INSERT INTO cms_place VALUES('2024-07-04 11:51:06.367188','2024-07-04 11:51:06.367188',71,'Kok River','Scenic river with boat safaris',10,0,'N/A',9.66150000000000019,80.02549999999999386,'Bus from Jaffna','January to April','"null"',4);
INSERT INTO cms_place VALUES('2024-07-04 11:51:06.369163','2024-07-04 11:51:06.369163',72,'Muhudu Maha Viharaya','Ancient Buddhist temple on the beach',15,0,'N/A',7.240000000000000213,81.85360000000000013,'Bus from Ampara','April to October','"null"',5);
INSERT INTO cms_place VALUES('2024-07-04 11:51:06.370181','2024-07-04 11:51:06.370181',73,'Passikudah Beach','Beautiful beach known for its shallow waters',15,0,'N/A',7.939400000000000012,81.55809999999999605,'Bus from Batticaloa','April to October','"null"',5);
INSERT INTO cms_place VALUES('2024-07-04 11:51:06.372162','2024-07-04 11:51:06.372162',74,'Gal Vihara','Ancient rock temple with Buddha statues',21,0,'N/A',7.939700000000000201,81.0016999999999996,'Bus from Polonnaruwa','January to April','"null"',7);
INSERT INTO cms_place VALUES('2024-07-04 11:51:06.373188','2024-07-04 11:51:06.373188',75,'Lake Gregory','Scenic lake in Nuwara Eliya with boating activities',6,0,'N/A',6.949699999999999989,80.78910000000000479,'Bus from Nuwara Eliya','January to April','"null"',2);
INSERT INTO cms_place VALUES('2024-07-04 11:51:06.375709','2024-07-04 11:51:06.375709',76,'Maduru Oya National Park','Wildlife park with elephants and ancient ruins',16,20,'LKR',7.433300000000000018,81.23499999999999944,'Bus from Ampara','January to April','"null"',5);
INSERT INTO cms_place VALUES('2024-07-04 11:51:06.378698','2024-07-04 11:51:06.378698',77,'Abhayagiriya Stupa','Ancient stupa in Anuradhapura',20,0,'N/A',8.354200000000000515,80.39239999999999498,'Bus from Anuradhapura','April to September','"null"',7);
INSERT INTO cms_place VALUES('2024-07-04 11:51:06.381709','2024-07-04 11:51:06.381709',78,'Ritigala','Ancient monastic complex with beautiful nature trails',20,0,'N/A',8.23610000000000042,80.50860000000000127,'Bus from Anuradhapura','April to September','"null"',7);
INSERT INTO cms_place VALUES('2024-07-04 11:51:06.384706','2024-07-04 11:51:06.384706',79,'Nallur Kandaswamy Kovil','Hindu temple with vibrant annual festival',10,0,'N/A',9.67810000000000059,80.02060000000000172,'Bus from Jaffna','January to April','"null"',4);
INSERT INTO cms_place VALUES('2024-07-04 11:51:06.387705','2024-07-04 11:51:06.387705',80,'Hakgala Botanical Garden','Beautiful botanical garden near Nuwara Eliya',6,10,'LKR',6.9363999999999999,80.80599999999999739,'Bus from Nuwara Eliya','January to April','"null"',2);
INSERT INTO cms_place VALUES('2024-07-04 11:51:06.389686','2024-07-04 11:51:06.389686',81,'Victoria Park','Public park in Nuwara Eliya with beautiful flowers',6,0,'N/A',6.967100000000000292,80.76680000000000347,'Walking distance from Nuwara Eliya','January to April','"null"',2);
INSERT INTO cms_place VALUES('2024-07-04 11:51:06.391707','2024-07-04 11:51:06.391707',82,'Elephant Rock','Rock formation with panoramic views',15,0,'N/A',6.838199999999999613,81.83830000000000381,'Bus from Pottuvil','April to October','"null"',5);
INSERT INTO cms_place VALUES('2024-07-04 11:51:06.392704','2024-07-04 11:51:06.392704',83,'Dutch Hospital Shopping','Historic building converted into shopping and dining complex',1,0,'N/A',6.93350000000000044,79.84250000000000113,'Walking distance from Colombo Fort','November to April','"null"',1);
INSERT INTO cms_place VALUES('2024-07-04 11:51:06.394705','2024-07-04 11:51:06.394705',84,'Koggala Lake','Scenic lake with islands and bird watching',7,0,'N/A',5.990300000000000402,80.33310000000000172,'Bus from Galle','January to April','"null"',3);
INSERT INTO cms_place VALUES('2024-07-04 11:51:06.395704','2024-07-04 11:51:06.395704',85,'Udawatta Kele Sanctuary','Nature reserve with rich biodiversity near Kandy',4,10,'LKR',7.299599999999999867,80.64050000000000295,'Walking distance from Kandy city','December to April','"null"',2);
INSERT INTO cms_place VALUES('2024-07-04 11:51:06.397686','2024-07-04 11:51:06.397686',86,'Madhu Church','Historic Catholic church with annual feast',12,0,'N/A',8.953200000000000714,79.92369999999999664,'Bus from Mannar','January to April','"null"',4);
INSERT INTO cms_place VALUES('2024-07-04 11:51:06.399709','2024-07-04 11:51:06.399709',87,'Brief Garden','Beautiful garden with unique sculptures and plants',3,5,'LKR',6.536800000000000387,80.01229999999999621,'Bus from Kalutara','January to April','"null"',1);
INSERT INTO cms_place VALUES('2024-07-04 11:51:06.400685','2024-07-04 11:51:06.400685',88,'Kalametiya Bird Sanctuary','Coastal wetland with rich birdlife',9,0,'N/A',6.10970000000000013,80.89929999999999666,'Bus from Tangalle','January to April','"null"',3);
INSERT INTO cms_place VALUES('2024-07-04 11:51:06.401710','2024-07-04 11:51:06.401710',89,'Mannar Island','Island known for its scenic beaches and migratory birds',12,0,'N/A',9.0,79.90000000000000569,'Bus from Mannar','January to April','"null"',4);
INSERT INTO cms_place VALUES('2024-07-04 11:51:06.403685','2024-07-04 11:51:06.403685',90,'Pidurangala Rock','Rock formation with panoramic views and ancient temple',5,5,'LKR',7.951999999999999958,80.7587999999999937,'Bus from Sigiriya','January to April','"null"',2);
INSERT INTO cms_place VALUES('2024-07-04 11:51:06.404684','2024-07-04 11:51:06.404684',91,'Mihintale','Sacred mountain with ancient monastic complex',20,0,'N/A',8.352100000000000079,80.51000000000000511,'Bus from Anuradhapura','April to September','"null"',7);
INSERT INTO cms_place VALUES('2024-07-04 11:51:06.407268','2024-07-04 11:51:06.407268',92,'Bundala National Park','Coastal wetland with rich birdlife',9,20,'LKR',6.211100000000000065,81.17980000000000018,'Bus from Hambantota','December to April','"null"',3);
INSERT INTO cms_place VALUES('2024-07-04 11:51:06.408267','2024-07-04 11:51:06.408267',93,'Yala East National Park','Wildlife park known for elephants and leopards',16,20,'LKR',6.361900000000000332,81.52039999999999509,'Bus from Ampara','January to April','"null"',5);
INSERT INTO cms_place VALUES('2024-07-04 11:51:06.410267','2024-07-04 11:51:06.410267',94,'Taprobane Island','Private island with luxurious villa',8,0,'N/A',5.940400000000000346,80.45229999999999392,'Boat from Weligama','January to April','"null"',3);
INSERT INTO cms_place VALUES('2024-07-04 11:51:06.411267','2024-07-04 11:51:06.411267',95,'Sri Lanka Air Force Museum','Museum showcasing the history of the Sri Lankan Air Force',1,10,'LKR',6.857000000000000206,79.87359999999999616,'Bus from Colombo','January to April','"null"',1);
INSERT INTO cms_place VALUES('2024-07-04 11:51:06.413267','2024-07-04 11:51:06.413267',96,'Colombo Lighthouse','Historic lighthouse with panoramic views',1,0,'N/A',6.931499999999999773,79.841700000000003,'Walking distance from Colombo Fort','November to April','"null"',1);
INSERT INTO cms_place VALUES('2024-07-04 11:51:06.414268','2024-07-04 11:51:06.414268',97,'Hummanaya Blow Hole','Natural blowhole with impressive water spouts',9,0,'N/A',6.040000000000000035,80.79229999999999734,'Bus from Tangalle','January to April','"null"',3);
INSERT INTO cms_place VALUES('2024-07-04 11:51:06.416897','2024-07-04 11:51:06.416897',98,'Star Fort','Historic fort with star-shaped design',8,0,'N/A',5.942300000000000359,80.54680000000000461,'Bus from Matara','January to April','"null"',3);
INSERT INTO cms_place VALUES('2024-07-04 11:51:06.418894','2024-07-04 11:51:06.418894',99,'St. Clairs Falls','Scenic waterfall near Talawakele',6,0,'N/A',6.9363999999999999,80.7132000000000005,'Bus from Nuwara Eliya','January to April','"null"',2);
INSERT INTO cms_place VALUES('2024-07-04 11:51:06.419896','2024-07-04 11:51:06.419896',100,'Red Mosque','Historic mosque with unique architecture',1,0,'N/A',6.938399999999999679,79.85240000000000293,'Walking distance from Colombo Fort','November to April','"null"',1);
CREATE TABLE IF NOT EXISTS "csvimport_csvimport" ("id" integer NOT NULL PRIMARY KEY AUTOINCREMENT, "field_list" text NOT NULL, "upload_file" varchar(100) NOT NULL, "file_name" varchar(255) NOT NULL, "encoding" varchar(32) NOT NULL, "upload_method" varchar(50) NOT NULL, "error_log" text NOT NULL, "import_date" date NOT NULL, "import_user" varchar(255) NOT NULL, "model_name" varchar(255) NOT NULL);
INSERT INTO csvimport_csvimport VALUES(1,'','csv/District_MDI5jXm.csv','csv/District_MDI5jXm.csv','','manual',replace('Mapping from first, header, row of CSV file\nImported 25 rows to District','\n',char(10)),'2024-07-04','admin','cms.District');
INSERT INTO csvimport_csvimport VALUES(2,'','csv/District_p60cZsk.csv','csv/District_p60cZsk.csv','','manual',replace('Mapping from first, header, row of CSV file\nImported 25 rows to District','\n',char(10)),'2024-07-04','admin','cms.district');
INSERT INTO csvimport_csvimport VALUES(3,'column1=id , column2=name','csv/District_Pk2KzDR.csv','csv/District_Pk2KzDR.csv','','manual',replace('Manually entered mapping list\nrow 0: Column id = id is not a number so is set to 0\nImported 26 rows to District','\n',char(10)),'2024-07-04','admin','cms.district');
INSERT INTO csvimport_csvimport VALUES(4,'column1=id,column2=name','csv/Province.csv','csv/Province.csv','','manual',replace('Manually entered mapping list\nImported 9 rows to Province','\n',char(10)),'2024-07-04','admin','cms.province');
INSERT INTO csvimport_csvimport VALUES(5,'column1=id,column2=name','csv/Tag.csv','csv/Tag.csv','','manual',replace('Manually entered mapping list\nImported 20 rows to Tag','\n',char(10)),'2024-07-04','admin','cms.tag');
INSERT INTO csvimport_csvimport VALUES(6,'column1=id,column2=name,column3=description','csv/Type.csv','csv/Type.csv','','manual',replace('Manually entered mapping list\nrow 0: Column id = 1	Historical	Places with historical significance is not a number so is set to 0\nrow 1: Column id = 2	Religious	Sacred and religious places is not a number so is set to 0\nrow 2: Column id = 3	Wildlife	Parks and places with rich wildlife is not a number so is set to 0\nrow 3: Column id = 4	Beach	Coastal areas with beaches is not a number so is set to 0\nrow 4: Column id = 5	Hill Country	Hilly regions with scenic views and tea gardens is not a number so is set to 0\nrow 5: Column id = 6	Cultural	Places with rich cultural heritage is not a number so is set to 0\nrow 6: Column id = 7	Urban	Cities with modern amenities is not a number so is set to 0\nrow 7: Column id = 8	Adventure	Places for adventure activities is not a number so is set to 0\nrow 8: Column id = 9	Nature	Natural landscapes and parks is not a number so is set to 0\nrow 9: Column id = 10	Leisure	Places for relaxation and leisure activities is not a number so is set to 0\nImported 1 rows to Type','\n',char(10)),'2024-07-04','admin','cms.type');
INSERT INTO csvimport_csvimport VALUES(7,'column1=id,column2=name,column3=description','csv/Type_w5NUG2B.csv','csv/Type_w5NUG2B.csv','','manual',replace('Manually entered mapping list\nrow 0: Column id = 1	Historical	Places with historical significance is not a number so is set to 0\nrow 1: Column id = 2	Religious	Sacred and religious places is not a number so is set to 0\nrow 2: Column id = 3	Wildlife	Parks and places with rich wildlife is not a number so is set to 0\nrow 3: Column id = 4	Beach	Coastal areas with beaches is not a number so is set to 0\nrow 4: Column id = 5	Hill Country	Hilly regions with scenic views and tea gardens is not a number so is set to 0\nrow 5: Column id = 6	Cultural	Places with rich cultural heritage is not a number so is set to 0\nrow 6: Column id = 7	Urban	Cities with modern amenities is not a number so is set to 0\nrow 7: Column id = 8	Adventure	Places for adventure activities is not a number so is set to 0\nrow 8: Column id = 9	Nature	Natural landscapes and parks is not a number so is set to 0\nrow 9: Column id = 10	Leisure	Places for relaxation and leisure activities is not a number so is set to 0\nImported 1 rows to Type','\n',char(10)),'2024-07-04','admin','cms.type');
INSERT INTO csvimport_csvimport VALUES(8,'column1=id,column2=name,column3=description','csv/Type_whWuY7v.csv','csv/Type_whWuY7v.csv','','manual',replace('Manually entered mapping list\nrow 0: Column id = 1	Historical	Places with historical significance is not a number so is set to 0\nrow 1: Column id = 2	Religious	Sacred and religious places is not a number so is set to 0\nrow 2: Column id = 3	Wildlife	Parks and places with rich wildlife is not a number so is set to 0\nrow 3: Column id = 4	Beach	Coastal areas with beaches is not a number so is set to 0\nrow 4: Column id = 5	Hill Country	Hilly regions with scenic views and tea gardens is not a number so is set to 0\nrow 5: Column id = 6	Cultural	Places with rich cultural heritage is not a number so is set to 0\nrow 6: Column id = 7	Urban	Cities with modern amenities is not a number so is set to 0\nrow 7: Column id = 8	Adventure	Places for adventure activities is not a number so is set to 0\nrow 8: Column id = 9	Nature	Natural landscapes and parks is not a number so is set to 0\nrow 9: Column id = 10	Leisure	Places for relaxation and leisure activities is not a number so is set to 0\nImported 1 rows to Type','\n',char(10)),'2024-07-04','admin','cms.type');
INSERT INTO csvimport_csvimport VALUES(9,'column1=id,column2=name,column3=description','csv/Type_nokqvE6.csv','csv/Type_nokqvE6.csv','','manual',replace('Manually entered mapping list\nImported 25 rows to Type','\n',char(10)),'2024-07-04','admin','cms.type');
INSERT INTO csvimport_csvimport VALUES(10,'column1=place_id,column2=place_name,column3=description,column4=district,column5=province,column6=ticket_price,column7=location,column8=latitude,column9=longitude,column10=how_to_visit,column11=best_time_to_visit_in_year,column12=data','csv/Places.csv','csv/Places.csv','','manual',replace('Manually entered mapping list\nrow 0: Column place_id = place_id	place_name	description	district_id	province_id	ticket_price	location	latitude	longitude	how_to_visit	best_time_to_visit_in_year	data is not a number so is set to 0\nrow 1: Column place_id = 1	Sigiriya	Ancient rock fortress with frescoes and gardens	5	2	30	LKR	7.957	80.7603	Bus from Dambulla	January to April	null is not a number so is set to 0\nDatabase Error: NOT NULL constraint failed: cms_place.created_at, Number: 0\nrow 2: Column place_id = 2	Temple of the Tooth	Sacred Buddhist temple in the city of Kandy	4	2	10	LKR	7.2936	80.6411	Bus or train to Kandy	December to April	null is not a number so is set to 0\nDatabase Error: NOT NULL constraint failed: cms_place.created_at, Number: 0\nrow 3: Column place_id = 3	Yala National Park	"Wildlife park with elephants is not a number so is set to 0\nDatabase Error: NOT NULL constraint failed: cms_place.created_at, Number: 0\nrow 4: Column place_id = 4	Galle Fort	Historic fortress with museums and shops	7	3	Free	N/A	6.0329	80.217	Bus or train to Galle	January to April	null is not a number so is set to 0\nDatabase Error: NOT NULL constraint failed: cms_place.created_at, Number: 0\nrow 5: Column place_id = 5	Ella	Scenic hill town with tea plantations and waterfalls	22	8	Free	N/A	6.8754	81.0463	Train from Kandy or Colombo	January to April	null is not a number so is set to 0\nDatabase Error: NOT NULL constraint failed: cms_place.created_at, Number: 0\nrow 6: Column place_id = 6	Horton Plains	National park with World''s End cliff and Baker''s Falls	6	2	20	LKR	6.8046	80.8064	Bus from Nuwara Eliya	January to April	null is not a number so is set to 0\nDatabase Error: NOT NULL constraint failed: cms_place.created_at, Number: 0\nrow 7: Column place_id = 7	Adams Peak	Sacred mountain with pilgrimage trail	24	9	Free	N/A	6.8097	80.4995	Bus from Hatton or Ratnapura	December to May	null is not a number so is set to 0\nDatabase Error: NOT NULL constraint failed: cms_place.created_at, Number: 0\nrow 8: Column place_id = 8	Pinnawala Elephant	Orphanage for elephants with feeding and bathing	25	9	20	LKR	7.2906	80.409	Bus from Kegalle	January to April	null is not a number so is set to 0\nDatabase Error: NOT NULL constraint failed: cms_place.created_at, Number: 0\nrow 9: Column place_id = 9	Mirissa	Beach town known for whale watching and surfing	8	3	Free	N/A	5.9489	80.4542	Bus from Matara	November to April	null is not a number so is set to 0\nDatabase Error: NOT NULL constraint failed: cms_place.created_at, Number: 0\nrow 10: Column place_id = 10	Polonnaruwa	Ancient city with ruins of palaces and temples	21	7	25	LKR	7.9397	81.0017	Bus from Habarana	January to April	null is not a number so is set to 0\nDatabase Error: NOT NULL constraint failed: cms_place.created_at, Number: 0\nrow 11: Column place_id = 11	Anuradhapura	Ancient city with stupas and temples	20	7	20	LKR	8.3114	80.4037	Bus from Dambulla	April to September	null is not a number so is set to 0\nDatabase Error: NOT NULL constraint failed: cms_place.created_at, Number: 0\nrow 12: Column place_id = 12	Bentota	Coastal town with beaches and water sports	7	3	Free	N/A	6.4255	80.0018	Train from Colombo	October to April	null is not a number so is set to 0\nDatabase Error: NOT NULL constraint failed: cms_place.created_at, Number: 0\nrow 13: Column place_id = 13	Dambulla Cave Temple	Buddhist temple complex with cave paintings	5	2	10	LKR	7.8561	80.6495	Bus from Sigiriya	January to April	null is not a number so is set to 0\nDatabase Error: NOT NULL constraint failed: cms_place.created_at, Number: 0\nrow 14: Column place_id = 14	Udawalawe	National park with elephants and bird watching	24	9	15	LKR	6.4663	80.7984	Bus from Ratnapura	February to July	null is not a number so is set to 0\nDatabase Error: NOT NULL constraint failed: cms_place.created_at, Number: 0\nrow 15: Column place_id = 15	Arugam Bay	Popular beach for surfing and laid-back atmosphere	16	5	Free	N/A	6.8382	81.8383	Bus from Pottuvil	April to October	null is not a number so is set to 0\nDatabase Error: NOT NULL constraint failed: cms_place.created_at, Number: 0\nrow 16: Column place_id = 16	Nuwara Eliya	Hill town with colonial architecture and tea gardens	6	2	Free	N/A	6.9497	80.7891	Train from Kandy	February to April	null is not a number so is set to 0\nDatabase Error: NOT NULL constraint failed: cms_place.created_at, Number: 0\nrow 17: Column place_id = 17	Trincomalee	Coastal town with historical sites and beaches	17	5	Free	N/A	8.5874	81.2152	Bus from Colombo	April to October	null is not a number so is set to 0\nDatabase Error: NOT NULL constraint failed: cms_place.created_at, Number: 0\nrow 18: Column place_id = 18	Jaffna	Northern city with temples and colonial buildings	10	4	Free	N/A	9.6615	80.0255	Train or bus from Colombo	January to April	null is not a number so is set to 0\nDatabase Error: NOT NULL constraint failed: cms_place.created_at, Number: 0\nrow 19: Column place_id = 19	Wilpattu	National park with leopards and wildlife	19	6	25	LKR	8.4095	80.1515	Bus from Anuradhapura	February to October	null is not a number so is set to 0\nDatabase Error: NOT NULL constraint failed: cms_place.created_at, Number: 0\nrow 20: Column place_id = 20	Colombo	Capital city with historical sites and modern amenities	1	1	Free	N/A	6.9271	79.8612	Bus or train from anywhere	November to April	null is not a number so is set to 0\nDatabase Error: NOT NULL constraint failed: cms_place.created_at, Number: 0\nrow 21: Column place_id = 21	Sinharaja Forest Reserve	Biodiversity hotspot with unique flora and fauna	24	9	20	LKR	6.4	80.5	Bus from Ratnapura	January to April	null is not a number so is set to 0\nDatabase Error: NOT NULL constraint failed: cms_place.created_at, Number: 0\nrow 22: Column place_id = 22	Kandy Lake	Artificial lake in the heart of Kandy	4	2	Free	N/A	7.2906	80.6405	Walking distance from Kandy city	December to April	null is not a number so is set to 0\nDatabase Error: NOT NULL constraint failed: cms_place.created_at, Number: 0\nrow 23: Column place_id = 23	Ramboda Falls	Stunning waterfall with viewpoints and trails	6	2	Free	N/A	7.0585	80.7531	Bus from Nuwara Eliya	January to April	null is not a number so is set to 0\nDatabase Error: NOT NULL constraint failed: cms_place.created_at, Number: 0\nrow 24: Column place_id = 24	Kelaniya Raja Maha Vihara	Historic Buddhist temple with ancient relics	2	1	Free	N/A	6.9553	79.9163	Bus from Colombo	January to April	null is not a number so is set to 0\nDatabase Error: NOT NULL constraint failed: cms_place.created_at, Number: 0\nrow 25: Column place_id = 25	Mahiyanganaya Temple	Sacred Buddhist site with ancient dagoba	22	8	Free	N/A	7.3451	81.0166	Bus from Badulla	January to April	null is not a number so is set to 0\nDatabase Error: NOT NULL constraint failed: cms_place.created_at, Number: 0\nrow 26: Column place_id = 26	Madu River	Scenic river with boat safaris and mangrove forests	7	3	Free	N/A	6.2968	80.037	Bus from Balapitiya	January to April	null is not a number so is set to 0\nDatabase Error: NOT NULL constraint failed: cms_place.created_at, Number: 0\nrow 27: Column place_id = 27	Gal Oya National Park	National park with unique boat safaris	16	5	20	LKR	7.1235	81.4356	Bus from Ampara	January to April	null is not a number so is set to 0\nDatabase Error: NOT NULL constraint failed: cms_place.created_at, Number: 0\nrow 28: Column place_id = 28	Bundala National Park	Coastal wetland with rich birdlife	9	3	20	LKR	6.2111	81.1798	Bus from Hambantota	December to April	null is not a number so is set to 0\nDatabase Error: NOT NULL constraint failed: cms_place.created_at, Number: 0\nrow 29: Column place_id = 29	Pigeon Island	Marine national park with coral reefs and snorkeling	17	5	15	LKR	8.7184	81.2166	Boat from Nilaveli	April to October	null is not a number so is set to 0\nDatabase Error: NOT NULL constraint failed: cms_place.created_at, Number: 0\nrow 30: Column place_id = 30	Kitulgala	Adventure town known for white-water rafting	25	9	Free	N/A	6.9903	80.4228	Bus from Kegalle	January to April	null is not a number so is set to 0\nDatabase Error: NOT NULL constraint failed: cms_place.created_at, Number: 0\nrow 31: Column place_id = 31	Minneriya National Park	Wildlife park known for the elephant gathering	21	7	20	LKR	8.0379	80.9043	Bus from Polonnaruwa	May to October	null is not a number so is set to 0\nDatabase Error: NOT NULL constraint failed: cms_place.created_at, Number: 0\nrow 32: Column place_id = 32	Knuckles Mountain Range	Biodiversity hotspot with hiking trails	5	2	Free	N/A	7.4606	80.776	Bus from Matale	January to April	null is not a number so is set to 0\nDatabase Error: NOT NULL constraint failed: cms_place.created_at, Number: 0\nrow 33: Column place_id = 33	Sri Pada	Another name for Adams Peak	24	9	Free	N/A	6.8097	80.4995	Bus from Hatton or Ratnapura	December to May	null is not a number so is set to 0\nDatabase Error: NOT NULL constraint failed: cms_place.created_at, Number: 0\nrow 34: Column place_id = 34	Lankatilaka Vihara	Ancient Buddhist temple with unique architecture	4	2	Free	N/A	7.2789	80.5959	Bus from Kandy	January to April	null is not a number so is set to 0\nDatabase Error: NOT NULL constraint failed: cms_place.created_at, Number: 0\nrow 35: Column place_id = 35	Dondra Head Lighthouse	Southernmost point of Sri Lanka with panoramic views	8	3	Free	N/A	5.9205	80.5945	Bus from Matara	January to April	null is not a number so is set to 0\nDatabase Error: NOT NULL constraint failed: cms_place.created_at, Number: 0\nrow 36: Column place_id = 36	Ruwanwelisaya	Ancient stupa in Anuradhapura	20	7	Free	N/A	8.3515	80.3968	Bus from Anuradhapura	April to September	null is not a number so is set to 0\nDatabase Error: NOT NULL constraint failed: cms_place.created_at, Number: 0\nrow 37: Column place_id = 37	Koneswaram Temple	Hindu temple with stunning sea views	17	5	Free	N/A	8.5753	81.2325	Bus from Trincomalee	April to October	null is not a number so is set to 0\nDatabase Error: NOT NULL constraint failed: cms_place.created_at, Number: 0\nrow 38: Column place_id = 38	Kaudulla National Park	Wildlife park known for elephants and birds	21	7	20	LKR	8.2342	80.908	Bus from Habarana	May to October	null is not a number so is set to 0\nDatabase Error: NOT NULL constraint failed: cms_place.created_at, Number: 0\nrow 39: Column place_id = 39	Ambalangoda	Coastal town known for mask making	7	3	Free	N/A	6.2359	80.0543	Train from Colombo	January to April	null is not a number so is set to 0\nDatabase Error: NOT NULL constraint failed: cms_place.created_at, Number: 0\nrow 40: Column place_id = 40	Wasgamuwa National Park	Wildlife park with elephants and bears	5	2	20	LKR	7.7321	80.9233	Bus from Matale	January to April	null is not a number so is set to 0\nDatabase Error: NOT NULL constraint failed: cms_place.created_at, Number: 0\nrow 41: Column place_id = 41	Hikkaduwa	Beach town known for coral reefs and snorkeling	7	3	Free	N/A	6.1392	80.1041	Train from Colombo	November to April	null is not a number so is set to 0\nDatabase Error: NOT NULL constraint failed: cms_place.created_at, Number: 0\nrow 42: Column place_id = 42	Mulgirigala Raja Maha Vihara	Ancient rock temple with cave paintings	9	3	Free	N/A	6.1521	80.8113	Bus from Tangalle	January to April	null is not a number so is set to 0\nDatabase Error: NOT NULL constraint failed: cms_place.created_at, Number: 0\nrow 43: Column place_id = 43	Meemure	Remote village known for its scenic beauty and traditional lifestyle	4	2	Free	N/A	7.4784	80.8504	Bus from Kandy	January to April	null is not a number so is set to 0\nDatabase Error: NOT NULL constraint failed: cms_place.created_at, Number: 0\nrow 44: Column place_id = 44	Kudawella Blow Hole	Natural blowhole with impressive water spouts	9	3	Free	N/A	6.05	80.7886	Bus from Tangalle	January to April	null is not a number so is set to 0\nDatabase Error: NOT NULL constraint failed: cms_place.created_at, Number: 0\nrow 45: Column place_id = 45	Seethawaka Botanical Garden	Beautiful botanical garden with diverse flora	1	1	10	LKR	6.8348	80.1247	Bus from Colombo	January to April	null is not a number so is set to 0\nDatabase Error: NOT NULL constraint failed: cms_place.created_at, Number: 0\nrow 46: Column place_id = 46	Makandawa Forest Reserve	Biodiversity hotspot with trekking and bird watching	25	9	Free	N/A	6.9733	80.4391	Bus from Kegalle	January to April	null is not a number so is set to 0\nDatabase Error: NOT NULL constraint failed: cms_place.created_at, Number: 0\nrow 47: Column place_id = 47	Dunhinda Falls	Stunning waterfall near Badulla	22	8	Free	N/A	6.9973	81.0467	Bus from Badulla	January to April	null is not a number so is set to 0\nDatabase Error: NOT NULL constraint failed: cms_place.created_at, Number: 0\nrow 48: Column place_id = 48	Viharamahadevi Park	Largest public park in Colombo with playgrounds and fountains	1	1	Free	N/A	6.927	79.8662	Bus from anywhere in Colombo	November to April	null is not a number so is set to 0\nDatabase Error: NOT NULL constraint failed: cms_place.created_at, Number: 0\nrow 49: Column place_id = 49	Richmond Castle	Colonial mansion with beautiful architecture and gardens	3	1	Free	N/A	6.5854	79.9615	Bus from Kalutara	January to April	null is not a number so is set to 0\nDatabase Error: NOT NULL constraint failed: cms_place.created_at, Number: 0\nrow 50: Column place_id = 50	Jaya Sri Maha Bodhi	Sacred fig tree in Anuradhapura	20	7	Free	N/A	8.3464	80.396	Bus from Anuradhapura	April to September	null is not a number so is set to 0\nDatabase Error: NOT NULL constraint failed: cms_place.created_at, Number: 0\nrow 51: Column place_id = 51	Isurumuniya Vihara	Historic rock temple with beautiful carvings	20	7	Free	N/A	8.3496	80.4014	Bus from Anuradhapura	April to September	null is not a number so is set to 0\nDatabase Error: NOT NULL constraint failed: cms_place.created_at, Number: 0\nrow 52: Column place_id = 52	Parakrama Samudra	Ancient reservoir with scenic views	21	7	Free	N/A	7.9345	81.0181	Bus from Polonnaruwa	January to April	null is not a number so is set to 0\nDatabase Error: NOT NULL constraint failed: cms_place.created_at, Number: 0\nrow 53: Column place_id = 53	Mirijjawila Botanical Garden	Botanical garden with diverse flora and themed gardens	9	3	10	LKR	6.1522	81.1197	Bus from Hambantota	January to April	null is not a number so is set to 0\nDatabase Error: NOT NULL constraint failed: cms_place.created_at, Number: 0\nrow 54: Column place_id = 54	Thalpe	Beach town with natural rock pools	7	3	Free	N/A	5.981	80.2587	Bus from Galle	January to April	null is not a number so is set to 0\nDatabase Error: NOT NULL constraint failed: cms_place.created_at, Number: 0\nrow 55: Column place_id = 55	Dutch Canal	Historic canal used for transportation and irrigation	19	6	Free	N/A	8.002	79.8267	Boat tours available	January to April	null is not a number so is set to 0\nDatabase Error: NOT NULL constraint failed: cms_place.created_at, Number: 0\nrow 56: Column place_id = 56	Ussangoda	Coastal plateau with unique red soil	9	3	Free	N/A	6.1472	80.895	Bus from Tangalle	January to April	null is not a number so is set to 0\nDatabase Error: NOT NULL constraint failed: cms_place.created_at, Number: 0\nrow 57: Column place_id = 57	Diyaluma Falls	Second highest waterfall in Sri Lanka	22	8	Free	N/A	6.7567	81.017	Bus from Badulla	January to April	null is not a number so is set to 0\nDatabase Error: NOT NULL constraint failed: cms_place.created_at, Number: 0\nrow 58: Column place_id = 58	Kelani River	Scenic river with white-water rafting opportunities	25	9	Free	N/A	6.9803	80.4258	Bus from Kegalle	January to April	null is not a number so is set to 0\nDatabase Error: NOT NULL constraint failed: cms_place.created_at, Number: 0\nrow 59: Column place_id = 59	Moon Plains	Scenic plateau with panoramic views and wildlife	6	2	10	LKR	6.9468	80.7714	Bus from Nuwara Eliya	January to April	null is not a number so is set to 0\nDatabase Error: NOT NULL constraint failed: cms_place.created_at, Number: 0\nrow 60: Column place_id = 60	Mask Museum	Museum showcasing traditional Sri Lankan masks	7	3	Free	N/A	6.2359	80.0543	Train from Colombo	January to April	null is not a number so is set to 0\nDatabase Error: NOT NULL constraint failed: cms_place.created_at, Number: 0\nrow 61: Column place_id = 61	Ridi Vihara	Ancient Buddhist temple with beautiful frescoes	18	6	Free	N/A	7.5566	80.4485	Bus from Kurunegala	January to April	null is not a number so is set to 0\nDatabase Error: NOT NULL constraint failed: cms_place.created_at, Number: 0\nrow 62: Column place_id = 62	Independence Square	Historic square commemorating Sri Lanka''s independence	1	1	Free	N/A	6.9148	79.8781	Bus from anywhere in Colombo	November to April	null is not a number so is set to 0\nDatabase Error: NOT NULL constraint failed: cms_place.created_at, Number: 0\nrow 63: Column place_id = 63	Bellanwila Rajamaha Viharaya	Ancient Buddhist temple with sacred Bodhi tree	1	1	Free	N/A	6.8358	79.8777	Bus from Colombo	January to April	null is not a number so is set to 0\nDatabase Error: NOT NULL constraint failed: cms_place.created_at, Number: 0\nrow 64: Column place_id = 64	Talangama Wetland	Urban wetland with rich birdlife	1	1	Free	N/A	6.8914	79.9091	Bus from Colombo	January to April	null is not a number so is set to 0\nDatabase Error: NOT NULL constraint failed: cms_place.created_at, Number: 0\nrow 65: Column place_id = 65	Bentota Beach	Coastal town with sandy beaches and water sports	7	3	Free	N/A	6.4255	80.0018	Train from Colombo	October to April	null is not a number so is set to 0\nDatabase Error: NOT NULL constraint failed: cms_place.created_at, Number: 0\nrow 66: Column place_id = 66	Ravana Falls	Scenic waterfall with legends related to the epic Ramayana	22	8	Free	N/A	6.8416	81.0502	Bus from Ella	January to April	null is not a number so is set to 0\nDatabase Error: NOT NULL constraint failed: cms_place.created_at, Number: 0\nrow 67: Column place_id = 67	Thambapanni	Historical site linked to the arrival of Prince Vijaya	19	6	Free	N/A	7.9894	79.8523	Bus from Chilaw	January to April	null is not a number so is set to 0\nDatabase Error: NOT NULL constraint failed: cms_place.created_at, Number: 0\nrow 68: Column place_id = 68	Kataragama	Sacred town with multi-religious temples	23	8	Free	N/A	6.4192	81.3337	Bus from Tissamaharama	January to April	null is not a number so is set to 0\nDatabase Error: NOT NULL constraint failed: cms_place.created_at, Number: 0\nrow 69: Column place_id = 69	Kanniya Hot Springs	Ancient hot springs with therapeutic properties	17	5	Free	N/A	8.57	81.2125	Bus from Trincomalee	April to October	null is not a number so is set to 0\nDatabase Error: NOT NULL constraint failed: cms_place.created_at, Number: 0\nrow 70: Column place_id = 70	Nilaveli Beach	Beautiful beach known for its clear waters and tranquility	17	5	Free	N/A	8.74	81.2228	Bus from Trincomalee	April to October	null is not a number so is set to 0\nDatabase Error: NOT NULL constraint failed: cms_place.created_at, Number: 0\nrow 71: Column place_id = 71	Kok River	Scenic river with boat safaris	10	4	Free	N/A	9.6615	80.0255	Bus from Jaffna	January to April	null is not a number so is set to 0\nDatabase Error: NOT NULL constraint failed: cms_place.created_at, Number: 0\nrow 72: Column place_id = 72	Muhudu Maha Viharaya	Ancient Buddhist temple on the beach	15	5	Free	N/A	7.24	81.8536	Bus from Ampara	April to October	null is not a number so is set to 0\nDatabase Error: NOT NULL constraint failed: cms_place.created_at, Number: 0\nrow 73: Column place_id = 73	Passikudah Beach	Beautiful beach known for its shallow waters	15	5	Free	N/A	7.9394	81.5581	Bus from Batticaloa	April to October	null is not a number so is set to 0\nDatabase Error: NOT NULL constraint failed: cms_place.created_at, Number: 0\nrow 74: Column place_id = 74	Gal Vihara	Ancient rock temple with Buddha statues	21	7	Free	N/A	7.9397	81.0017	Bus from Polonnaruwa	January to April	null is not a number so is set to 0\nDatabase Error: NOT NULL constraint failed: cms_place.created_at, Number: 0\nrow 75: Column place_id = 75	Lake Gregory	Scenic lake in Nuwara Eliya with boating activities	6	2	Free	N/A	6.9497	80.7891	Bus from Nuwara Eliya	January to April	null is not a number so is set to 0\nDatabase Error: NOT NULL constraint failed: cms_place.created_at, Number: 0\nrow 76: Column place_id = 76	Maduru Oya National Park	Wildlife park with elephants and ancient ruins	16	5	20	LKR	7.4333	81.235	Bus from Ampara	January to April	null is not a number so is set to 0\nDatabase Error: NOT NULL constraint failed: cms_place.created_at, Number: 0\nrow 77: Column place_id = 77	Abhayagiriya Stupa	Ancient stupa in Anuradhapura	20	7	Free	N/A	8.3542	80.3924	Bus from Anuradhapura	April to September	null is not a number so is set to 0\nDatabase Error: NOT NULL constraint failed: cms_place.created_at, Number: 0\nrow 78: Column place_id = 78	Ritigala	Ancient monastic complex with beautiful nature trails	20	7	Free	N/A	8.2361	80.5086	Bus from Anuradhapura	April to September	null is not a number so is set to 0\nDatabase Error: NOT NULL constraint failed: cms_place.created_at, Number: 0\nrow 79: Column place_id = 79	Nallur Kandaswamy Kovil	Hindu temple with vibrant annual festival	10	4	Free	N/A	9.6781	80.0206	Bus from Jaffna	January to April	null is not a number so is set to 0\nDatabase Error: NOT NULL constraint failed: cms_place.created_at, Number: 0\nrow 80: Column place_id = 80	Hakgala Botanical Garden	Beautiful botanical garden near Nuwara Eliya	6	2	10	LKR	6.9364	80.806	Bus from Nuwara Eliya	January to April	null is not a number so is set to 0\nDatabase Error: NOT NULL constraint failed: cms_place.created_at, Number: 0\nrow 81: Column place_id = 81	Victoria Park	Public park in Nuwara Eliya with beautiful flowers	6	2	Free	N/A	6.9671	80.7668	Walking distance from Nuwara Eliya	January to April	null is not a number so is set to 0\nDatabase Error: NOT NULL constraint failed: cms_place.created_at, Number: 0\nrow 82: Column place_id = 82	Elephant Rock	Rock formation with panoramic views	15	5	Free	N/A	6.8382	81.8383	Bus from Pottuvil	April to October	null is not a number so is set to 0\nDatabase Error: NOT NULL constraint failed: cms_place.created_at, Number: 0\nrow 83: Column place_id = 83	Dutch Hospital Shopping	Historic building converted into shopping and dining complex	1	1	Free	N/A	6.9335	79.8425	Walking distance from Colombo Fort	November to April	null is not a number so is set to 0\nDatabase Error: NOT NULL constraint failed: cms_place.created_at, Number: 0\nrow 84: Column place_id = 84	Koggala Lake	Scenic lake with islands and bird watching	7	3	Free	N/A	5.9903	80.3331	Bus from Galle	January to April	null is not a number so is set to 0\nDatabase Error: NOT NULL constraint failed: cms_place.created_at, Number: 0\nrow 85: Column place_id = 85	Udawatta Kele Sanctuary	Nature reserve with rich biodiversity near Kandy	4	2	10	LKR	7.2996	80.6405	Walking distance from Kandy city	December to April	null is not a number so is set to 0\nDatabase Error: NOT NULL constraint failed: cms_place.created_at, Number: 0\nrow 86: Column place_id = 86	Madhu Church	Historic Catholic church with annual feast	12	4	Free	N/A	8.9532	79.9237	Bus from Mannar	January to April	null is not a number so is set to 0\nDatabase Error: NOT NULL constraint failed: cms_place.created_at, Number: 0\nrow 87: Column place_id = 87	Brief Garden	Beautiful garden with unique sculptures and plants	3	1	5	LKR	6.5368	80.0123	Bus from Kalutara	January to April	null is not a number so is set to 0\nDatabase Error: NOT NULL constraint failed: cms_place.created_at, Number: 0\nrow 88: Column place_id = 88	Kalametiya Bird Sanctuary	Coastal wetland with rich birdlife	9	3	Free	N/A	6.1097	80.8993	Bus from Tangalle	January to April	null is not a number so is set to 0\nDatabase Error: NOT NULL constraint failed: cms_place.created_at, Number: 0\nrow 89: Column place_id = 89	Mannar Island	Island known for its scenic beaches and migratory birds	12	4	Free	N/A	9	79.9	Bus from Mannar	January to April	null is not a number so is set to 0\nDatabase Error: NOT NULL constraint failed: cms_place.created_at, Number: 0\nrow 90: Column place_id = 90	Pidurangala Rock	Rock formation with panoramic views and ancient temple	5	2	5	LKR	7.952	80.7588	Bus from Sigiriya	January to April	null is not a number so is set to 0\nDatabase Error: NOT NULL constraint failed: cms_place.created_at, Number: 0\nrow 91: Column place_id = 91	Mihintale	Sacred mountain with ancient monastic complex	20	7	Free	N/A	8.3521	80.51	Bus from Anuradhapura	April to September	null is not a number so is set to 0\nDatabase Error: NOT NULL constraint failed: cms_place.created_at, Number: 0\nrow 92: Column place_id = 92	Bundala National Park	Coastal wetland with rich birdlife	9	3	20	LKR	6.2111	81.1798	Bus from Hambantota	December to April	null is not a number so is set to 0\nDatabase Error: NOT NULL constraint failed: cms_place.created_at, Number: 0\nrow 93: Column place_id = 93	Yala East National Park	Wildlife park known for elephants and leopards	16	5	20	LKR	6.3619	81.5204	Bus from Ampara	January to April	null is not a number so is set to 0\nDatabase Error: NOT NULL constraint failed: cms_place.created_at, Number: 0\nrow 94: Column place_id = 94	Taprobane Island	Private island with luxurious villa	8	3	Free	N/A	5.9404	80.4523	Boat from Weligama	January to April	null is not a number so is set to 0\nDatabase Error: NOT NULL constraint failed: cms_place.created_at, Number: 0\nrow 95: Column place_id = 95	Sri Lanka Air Force Museum	Museum showcasing the history of the Sri Lankan Air Force	1	1	10	LKR	6.857	79.8736	Bus from Colombo	January to April	null is not a number so is set to 0\nDatabase Error: NOT NULL constraint failed: cms_place.created_at, Number: 0\nrow 96: Column place_id = 96	Colombo Lighthouse	Historic lighthouse with panoramic views	1	1	Free	N/A	6.9315	79.8417	Walking distance from Colombo Fort	November to April	null is not a number so is set to 0\nDatabase Error: NOT NULL constraint failed: cms_place.created_at, Number: 0\nrow 97: Column place_id = 97	Hummanaya Blow Hole	Natural blowhole with impressive water spouts	9	3	Free	N/A	6.04	80.7923	Bus from Tangalle	January to April	null is not a number so is set to 0\nDatabase Error: NOT NULL constraint failed: cms_place.created_at, Number: 0\nrow 98: Column place_id = 98	Star Fort	Historic fort with star-shaped design	8	3	Free	N/A	5.9423	80.5468	Bus from Matara	January to April	null is not a number so is set to 0\nDatabase Error: NOT NULL constraint failed: cms_place.created_at, Number: 0\nrow 99: Column place_id = 99	St. Clairs Falls	Scenic waterfall near Talawakele	6	2	Free	N/A	6.9364	80.7132	Bus from Nuwara Eliya	January to April	null is not a number so is set to 0\nDatabase Error: NOT NULL constraint failed: cms_place.created_at, Number: 0\nrow 100: Column place_id = 100	Red Mosque	Historic mosque with unique architecture	1	1	Free	N/A	6.9384	79.8524	Walking distance from Colombo Fort	November to April	null is not a number so is set to 0\nDatabase Error: NOT NULL constraint failed: cms_place.created_at, Number: 0\nImported 1 rows to Place','\n',char(10)),'2024-07-04','admin','cms.place');
INSERT INTO csvimport_csvimport VALUES(11,'"column1=place_id,column2=place_name,column3=description,column4=district,column5=province,column6=ticket_price,column7=location,column8=latitude,column9=longitude,column10=how_to_visit, column11=best_time_to_visit_in_year,column12=data"','csv/Places_9NXGMHI.csv','csv/Places_9NXGMHI.csv','','manual',replace('Manually entered mapping list\nrow 3: Column ticket_price = Free is not a number so is set to 0\nrow 4: Column ticket_price = Free is not a number so is set to 0\nrow 6: Column ticket_price = Free is not a number so is set to 0\nrow 8: Column ticket_price = Free is not a number so is set to 0\nrow 11: Column ticket_price = Free is not a number so is set to 0\nrow 14: Column ticket_price = Free is not a number so is set to 0\nrow 15: Column ticket_price = Free is not a number so is set to 0\nrow 16: Column ticket_price = Free is not a number so is set to 0\nrow 17: Column ticket_price = Free is not a number so is set to 0\nrow 19: Column ticket_price = Free is not a number so is set to 0\nrow 21: Column ticket_price = Free is not a number so is set to 0\nrow 22: Column ticket_price = Free is not a number so is set to 0\nrow 23: Column ticket_price = Free is not a number so is set to 0\nrow 24: Column ticket_price = Free is not a number so is set to 0\nrow 25: Column ticket_price = Free is not a number so is set to 0\nrow 29: Column ticket_price = Free is not a number so is set to 0\nrow 31: Column ticket_price = Free is not a number so is set to 0\nrow 32: Column ticket_price = Free is not a number so is set to 0\nrow 33: Column ticket_price = Free is not a number so is set to 0\nrow 34: Column ticket_price = Free is not a number so is set to 0\nrow 35: Column ticket_price = Free is not a number so is set to 0\nrow 36: Column ticket_price = Free is not a number so is set to 0\nrow 38: Column ticket_price = Free is not a number so is set to 0\nrow 40: Column ticket_price = Free is not a number so is set to 0\nrow 41: Column ticket_price = Free is not a number so is set to 0\nrow 42: Column ticket_price = Free is not a number so is set to 0\nrow 43: Column ticket_price = Free is not a number so is set to 0\nrow 45: Column ticket_price = Free is not a number so is set to 0\nrow 46: Column ticket_price = Free is not a number so is set to 0\nrow 47: Column ticket_price = Free is not a number so is set to 0\nrow 48: Column ticket_price = Free is not a number so is set to 0\nrow 49: Column ticket_price = Free is not a number so is set to 0\nrow 50: Column ticket_price = Free is not a number so is set to 0\nrow 51: Column ticket_price = Free is not a number so is set to 0\nrow 53: Column ticket_price = Free is not a number so is set to 0\nrow 54: Column ticket_price = Free is not a number so is set to 0\nrow 55: Column ticket_price = Free is not a number so is set to 0\nrow 56: Column ticket_price = Free is not a number so is set to 0\nrow 57: Column ticket_price = Free is not a number so is set to 0\nrow 59: Column ticket_price = Free is not a number so is set to 0\nrow 60: Column ticket_price = Free is not a number so is set to 0\nrow 61: Column ticket_price = Free is not a number so is set to 0\nrow 62: Column ticket_price = Free is not a number so is set to 0\nrow 63: Column ticket_price = Free is not a number so is set to 0\nrow 64: Column ticket_price = Free is not a number so is set to 0\nrow 65: Column ticket_price = Free is not a number so is set to 0\nrow 66: Column ticket_price = Free is not a number so is set to 0\nrow 67: Column ticket_price = Free is not a number so is set to 0\nrow 68: Column ticket_price = Free is not a number so is set to 0\nrow 69: Column ticket_price = Free is not a number so is set to 0\nrow 70: Column ticket_price = Free is not a number so is set to 0\nrow 71: Column ticket_price = Free is not a number so is set to 0\nrow 72: Column ticket_price = Free is not a number so is set to 0\nrow 73: Column ticket_price = Free is not a number so is set to 0\nrow 74: Column ticket_price = Free is not a number so is set to 0\nrow 76: Column ticket_price = Free is not a number so is set to 0\nrow 77: Column ticket_price = Free is not a number so is set to 0\nrow 78: Column ticket_price = Free is not a number so is set to 0\nrow 80: Column ticket_price = Free is not a number so is set to 0\nrow 81: Column ticket_price = Free is not a number so is set to 0\nrow 82: Column ticket_price = Free is not a number so is set to 0\nrow 83: Column ticket_price = Free is not a number so is set to 0\nrow 85: Column ticket_price = Free is not a number so is set to 0\nrow 87: Column ticket_price = Free is not a number so is set to 0\nrow 88: Column ticket_price = Free is not a number so is set to 0\nrow 90: Column ticket_price = Free is not a number so is set to 0\nrow 93: Column ticket_price = Free is not a number so is set to 0\nrow 95: Column ticket_price = Free is not a number so is set to 0\nrow 96: Column ticket_price = Free is not a number so is set to 0\nrow 97: Column ticket_price = Free is not a number so is set to 0\nrow 98: Column ticket_price = Free is not a number so is set to 0\nrow 99: Column ticket_price = Free is not a number so is set to 0\nImported 100 rows to Place','\n',char(10)),'2024-07-04','admin','cms.place');
INSERT INTO csvimport_csvimport VALUES(12,'"column1=place_id,column2=place_name,column3=description,column4=district,column5=province,column6=ticket_price,column7=location,column8=latitude,column9=longitude,column10=how_to_visit,,column11=best_time_to_visit_in_year,,column12=data"','csv/Places_tgdoeQb.csv','csv/Places_tgdoeQb.csv','','manual',replace('Manually entered mapping list\nrow 3: Column ticket_price = Free is not a number so is set to 0\nrow 4: Column ticket_price = Free is not a number so is set to 0\nrow 6: Column ticket_price = Free is not a number so is set to 0\nrow 8: Column ticket_price = Free is not a number so is set to 0\nrow 11: Column ticket_price = Free is not a number so is set to 0\nrow 14: Column ticket_price = Free is not a number so is set to 0\nrow 15: Column ticket_price = Free is not a number so is set to 0\nrow 16: Column ticket_price = Free is not a number so is set to 0\nrow 17: Column ticket_price = Free is not a number so is set to 0\nrow 19: Column ticket_price = Free is not a number so is set to 0\nrow 21: Column ticket_price = Free is not a number so is set to 0\nrow 22: Column ticket_price = Free is not a number so is set to 0\nrow 23: Column ticket_price = Free is not a number so is set to 0\nrow 24: Column ticket_price = Free is not a number so is set to 0\nrow 25: Column ticket_price = Free is not a number so is set to 0\nrow 29: Column ticket_price = Free is not a number so is set to 0\nrow 31: Column ticket_price = Free is not a number so is set to 0\nrow 32: Column ticket_price = Free is not a number so is set to 0\nrow 33: Column ticket_price = Free is not a number so is set to 0\nrow 34: Column ticket_price = Free is not a number so is set to 0\nrow 35: Column ticket_price = Free is not a number so is set to 0\nrow 36: Column ticket_price = Free is not a number so is set to 0\nrow 38: Column ticket_price = Free is not a number so is set to 0\nrow 40: Column ticket_price = Free is not a number so is set to 0\nrow 41: Column ticket_price = Free is not a number so is set to 0\nrow 42: Column ticket_price = Free is not a number so is set to 0\nrow 43: Column ticket_price = Free is not a number so is set to 0\nrow 45: Column ticket_price = Free is not a number so is set to 0\nrow 46: Column ticket_price = Free is not a number so is set to 0\nrow 47: Column ticket_price = Free is not a number so is set to 0\nrow 48: Column ticket_price = Free is not a number so is set to 0\nrow 49: Column ticket_price = Free is not a number so is set to 0\nrow 50: Column ticket_price = Free is not a number so is set to 0\nrow 51: Column ticket_price = Free is not a number so is set to 0\nrow 53: Column ticket_price = Free is not a number so is set to 0\nrow 54: Column ticket_price = Free is not a number so is set to 0\nrow 55: Column ticket_price = Free is not a number so is set to 0\nrow 56: Column ticket_price = Free is not a number so is set to 0\nrow 57: Column ticket_price = Free is not a number so is set to 0\nrow 58: Column ticket_price = Free is not a number so is set to 0\nDatabase Error: NOT NULL constraint failed: cms_place.created_at, Number: 0\nDatabase Error: NOT NULL constraint failed: cms_place.created_at, Number: 0\nrow 60: Column ticket_price = Free is not a number so is set to 0\nDatabase Error: NOT NULL constraint failed: cms_place.created_at, Number: 0\nrow 61: Column ticket_price = Free is not a number so is set to 0\nDatabase Error: NOT NULL constraint failed: cms_place.created_at, Number: 0\nrow 62: Column ticket_price = Free is not a number so is set to 0\nDatabase Error: NOT NULL constraint failed: cms_place.created_at, Number: 0\nrow 63: Column ticket_price = Free is not a number so is set to 0\nDatabase Error: NOT NULL constraint failed: cms_place.created_at, Number: 0\nrow 64: Column ticket_price = Free is not a number so is set to 0\nDatabase Error: NOT NULL constraint failed: cms_place.created_at, Number: 0\nrow 65: Column ticket_price = Free is not a number so is set to 0\nDatabase Error: NOT NULL constraint failed: cms_place.created_at, Number: 0\nrow 66: Column ticket_price = Free is not a number so is set to 0\nDatabase Error: NOT NULL constraint failed: cms_place.created_at, Number: 0\nrow 67: Column ticket_price = Free is not a number so is set to 0\nDatabase Error: NOT NULL constraint failed: cms_place.created_at, Number: 0\nrow 68: Column ticket_price = Free is not a number so is set to 0\nDatabase Error: NOT NULL constraint failed: cms_place.created_at, Number: 0\nrow 69: Column ticket_price = Free is not a number so is set to 0\nDatabase Error: NOT NULL constraint failed: cms_place.created_at, Number: 0\nrow 70: Column ticket_price = Free is not a number so is set to 0\nDatabase Error: NOT NULL constraint failed: cms_place.created_at, Number: 0\nrow 71: Column ticket_price = Free is not a number so is set to 0\nDatabase Error: NOT NULL constraint failed: cms_place.created_at, Number: 0\nrow 72: Column ticket_price = Free is not a number so is set to 0\nDatabase Error: NOT NULL constraint failed: cms_place.created_at, Number: 0\nrow 73: Column ticket_price = Free is not a number so is set to 0\nDatabase Error: NOT NULL constraint failed: cms_place.created_at, Number: 0\nrow 74: Column ticket_price = Free is not a number so is set to 0\nDatabase Error: NOT NULL constraint failed: cms_place.created_at, Number: 0\nrow 75: Column ticket_price = Free is not a number so is set to 0\nDatabase Error: NOT NULL constraint failed: cms_place.created_at, Number: 0\nDatabase Error: NOT NULL constraint failed: cms_place.created_at, Number: 0\nrow 77: Column ticket_price = Free is not a number so is set to 0\nDatabase Error: NOT NULL constraint failed: cms_place.created_at, Number: 0\nrow 78: Column ticket_price = Free is not a number so is set to 0\nDatabase Error: NOT NULL constraint failed: cms_place.created_at, Number: 0\nrow 79: Column ticket_price = Free is not a number so is set to 0\nDatabase Error: NOT NULL constraint failed: cms_place.created_at, Number: 0\nDatabase Error: NOT NULL constraint failed: cms_place.created_at, Number: 0\nrow 81: Column ticket_price = Free is not a number so is set to 0\nDatabase Error: NOT NULL constraint failed: cms_place.created_at, Number: 0\nrow 82: Column ticket_price = Free is not a number so is set to 0\nDatabase Error: NOT NULL constraint failed: cms_place.created_at, Number: 0\nrow 83: Column ticket_price = Free is not a number so is set to 0\nDatabase Error: NOT NULL constraint failed: cms_place.created_at, Number: 0\nrow 84: Column ticket_price = Free is not a number so is set to 0\nDatabase Error: NOT NULL constraint failed: cms_place.created_at, Number: 0\nDatabase Error: NOT NULL constraint failed: cms_place.created_at, Number: 0\nrow 86: Column ticket_price = Free is not a number so is set to 0\nDatabase Error: NOT NULL constraint failed: cms_place.created_at, Number: 0\nDatabase Error: NOT NULL constraint failed: cms_place.created_at, Number: 0\nrow 88: Column ticket_price = Free is not a number so is set to 0\nDatabase Error: NOT NULL constraint failed: cms_place.created_at, Number: 0\nrow 89: Column ticket_price = Free is not a number so is set to 0\nDatabase Error: NOT NULL constraint failed: cms_place.created_at, Number: 0\nDatabase Error: NOT NULL constraint failed: cms_place.created_at, Number: 0\nrow 91: Column ticket_price = Free is not a number so is set to 0\nDatabase Error: NOT NULL constraint failed: cms_place.created_at, Number: 0\nDatabase Error: NOT NULL constraint failed: cms_place.created_at, Number: 0\nDatabase Error: NOT NULL constraint failed: cms_place.created_at, Number: 0\nrow 94: Column ticket_price = Free is not a number so is set to 0\nDatabase Error: NOT NULL constraint failed: cms_place.created_at, Number: 0\nDatabase Error: NOT NULL constraint failed: cms_place.created_at, Number: 0\nrow 96: Column ticket_price = Free is not a number so is set to 0\nDatabase Error: NOT NULL constraint failed: cms_place.created_at, Number: 0\nrow 97: Column ticket_price = Free is not a number so is set to 0\nDatabase Error: NOT NULL constraint failed: cms_place.created_at, Number: 0\nrow 98: Column ticket_price = Free is not a number so is set to 0\nDatabase Error: NOT NULL constraint failed: cms_place.created_at, Number: 0\nrow 99: Column ticket_price = Free is not a number so is set to 0\nDatabase Error: NOT NULL constraint failed: cms_place.created_at, Number: 0\nImported 0 rows to Place','\n',char(10)),'2024-07-04','admin','cms.place');
INSERT INTO csvimport_csvimport VALUES(13,'column1=place_id,column2=place_name,column3=description,column4=district,column5=province,column6=ticket_price,column7=location,column8=latitude,column9=longitude,column10=how_to_visit,,column11=best_time_to_visit_in_year,,column12=data','csv/Places_vD0rJaE.csv','csv/Places_vD0rJaE.csv','','manual',replace('Manually entered mapping list\nrow 3: Column ticket_price = Free is not a number so is set to 0\nrow 4: Column ticket_price = Free is not a number so is set to 0\nrow 6: Column ticket_price = Free is not a number so is set to 0\nrow 8: Column ticket_price = Free is not a number so is set to 0\nrow 11: Column ticket_price = Free is not a number so is set to 0\nrow 14: Column ticket_price = Free is not a number so is set to 0\nrow 15: Column ticket_price = Free is not a number so is set to 0\nrow 16: Column ticket_price = Free is not a number so is set to 0\nrow 17: Column ticket_price = Free is not a number so is set to 0\nrow 19: Column ticket_price = Free is not a number so is set to 0\nrow 21: Column ticket_price = Free is not a number so is set to 0\nrow 22: Column ticket_price = Free is not a number so is set to 0\nrow 23: Column ticket_price = Free is not a number so is set to 0\nrow 24: Column ticket_price = Free is not a number so is set to 0\nrow 25: Column ticket_price = Free is not a number so is set to 0\nrow 29: Column ticket_price = Free is not a number so is set to 0\nrow 31: Column ticket_price = Free is not a number so is set to 0\nrow 32: Column ticket_price = Free is not a number so is set to 0\nrow 33: Column ticket_price = Free is not a number so is set to 0\nrow 34: Column ticket_price = Free is not a number so is set to 0\nrow 35: Column ticket_price = Free is not a number so is set to 0\nrow 36: Column ticket_price = Free is not a number so is set to 0\nrow 38: Column ticket_price = Free is not a number so is set to 0\nrow 40: Column ticket_price = Free is not a number so is set to 0\nrow 41: Column ticket_price = Free is not a number so is set to 0\nrow 42: Column ticket_price = Free is not a number so is set to 0\nrow 43: Column ticket_price = Free is not a number so is set to 0\nrow 45: Column ticket_price = Free is not a number so is set to 0\nrow 46: Column ticket_price = Free is not a number so is set to 0\nrow 47: Column ticket_price = Free is not a number so is set to 0\nrow 48: Column ticket_price = Free is not a number so is set to 0\nrow 49: Column ticket_price = Free is not a number so is set to 0\nrow 50: Column ticket_price = Free is not a number so is set to 0\nrow 51: Column ticket_price = Free is not a number so is set to 0\nrow 53: Column ticket_price = Free is not a number so is set to 0\nrow 54: Column ticket_price = Free is not a number so is set to 0\nrow 55: Column ticket_price = Free is not a number so is set to 0\nrow 56: Column ticket_price = Free is not a number so is set to 0\nrow 57: Column ticket_price = Free is not a number so is set to 0\nrow 58: Column ticket_price = Free is not a number so is set to 0\nrow 60: Column ticket_price = Free is not a number so is set to 0\nrow 61: Column ticket_price = Free is not a number so is set to 0\nrow 62: Column ticket_price = Free is not a number so is set to 0\nrow 63: Column ticket_price = Free is not a number so is set to 0\nrow 64: Column ticket_price = Free is not a number so is set to 0\nrow 65: Column ticket_price = Free is not a number so is set to 0\nrow 66: Column ticket_price = Free is not a number so is set to 0\nrow 67: Column ticket_price = Free is not a number so is set to 0\nrow 68: Column ticket_price = Free is not a number so is set to 0\nrow 69: Column ticket_price = Free is not a number so is set to 0\nrow 70: Column ticket_price = Free is not a number so is set to 0\nrow 71: Column ticket_price = Free is not a number so is set to 0\nrow 72: Column ticket_price = Free is not a number so is set to 0\nrow 73: Column ticket_price = Free is not a number so is set to 0\nrow 74: Column ticket_price = Free is not a number so is set to 0\nrow 75: Column ticket_price = Free is not a number so is set to 0\nrow 77: Column ticket_price = Free is not a number so is set to 0\nrow 78: Column ticket_price = Free is not a number so is set to 0\nrow 79: Column ticket_price = Free is not a number so is set to 0\nrow 81: Column ticket_price = Free is not a number so is set to 0\nrow 82: Column ticket_price = Free is not a number so is set to 0\nrow 83: Column ticket_price = Free is not a number so is set to 0\nrow 84: Column ticket_price = Free is not a number so is set to 0\nrow 86: Column ticket_price = Free is not a number so is set to 0\nrow 88: Column ticket_price = Free is not a number so is set to 0\nrow 89: Column ticket_price = Free is not a number so is set to 0\nrow 91: Column ticket_price = Free is not a number so is set to 0\nrow 94: Column ticket_price = Free is not a number so is set to 0\nrow 96: Column ticket_price = Free is not a number so is set to 0\nrow 97: Column ticket_price = Free is not a number so is set to 0\nrow 98: Column ticket_price = Free is not a number so is set to 0\nrow 99: Column ticket_price = Free is not a number so is set to 0\nImported 100 rows to Place','\n',char(10)),'2024-07-04','admin','cms.place');
INSERT INTO csvimport_csvimport VALUES(14,'column1=place_id,column2=place_name,column3=description,column4=district,column5=province,column6=ticket_price,column7=location,column8=latitude,column9=longitude,column10=how_to_visit,,column11=best_time_to_visit_in_year,,column12=data','csv/Places_ViTfP7Q.csv','csv/Places_ViTfP7Q.csv','','manual',replace('Manually entered mapping list\nrow 3: Column ticket_price = Free is not a number so is set to 0\nrow 4: Column ticket_price = Free is not a number so is set to 0\nrow 6: Column ticket_price = Free is not a number so is set to 0\nrow 8: Column ticket_price = Free is not a number so is set to 0\nrow 11: Column ticket_price = Free is not a number so is set to 0\nrow 14: Column ticket_price = Free is not a number so is set to 0\nrow 15: Column ticket_price = Free is not a number so is set to 0\nrow 16: Column ticket_price = Free is not a number so is set to 0\nrow 17: Column ticket_price = Free is not a number so is set to 0\nrow 19: Column ticket_price = Free is not a number so is set to 0\nrow 21: Column ticket_price = Free is not a number so is set to 0\nrow 22: Column ticket_price = Free is not a number so is set to 0\nrow 23: Column ticket_price = Free is not a number so is set to 0\nrow 24: Column ticket_price = Free is not a number so is set to 0\nrow 25: Column ticket_price = Free is not a number so is set to 0\nrow 29: Column ticket_price = Free is not a number so is set to 0\nrow 31: Column ticket_price = Free is not a number so is set to 0\nrow 32: Column ticket_price = Free is not a number so is set to 0\nrow 33: Column ticket_price = Free is not a number so is set to 0\nrow 34: Column ticket_price = Free is not a number so is set to 0\nrow 35: Column ticket_price = Free is not a number so is set to 0\nrow 36: Column ticket_price = Free is not a number so is set to 0\nrow 38: Column ticket_price = Free is not a number so is set to 0\nrow 40: Column ticket_price = Free is not a number so is set to 0\nrow 41: Column ticket_price = Free is not a number so is set to 0\nrow 42: Column ticket_price = Free is not a number so is set to 0\nrow 43: Column ticket_price = Free is not a number so is set to 0\nrow 45: Column ticket_price = Free is not a number so is set to 0\nrow 46: Column ticket_price = Free is not a number so is set to 0\nrow 47: Column ticket_price = Free is not a number so is set to 0\nrow 48: Column ticket_price = Free is not a number so is set to 0\nrow 49: Column ticket_price = Free is not a number so is set to 0\nrow 50: Column ticket_price = Free is not a number so is set to 0\nrow 51: Column ticket_price = Free is not a number so is set to 0\nrow 53: Column ticket_price = Free is not a number so is set to 0\nrow 54: Column ticket_price = Free is not a number so is set to 0\nrow 55: Column ticket_price = Free is not a number so is set to 0\nrow 56: Column ticket_price = Free is not a number so is set to 0\nrow 57: Column ticket_price = Free is not a number so is set to 0\nrow 58: Column ticket_price = Free is not a number so is set to 0\nrow 60: Column ticket_price = Free is not a number so is set to 0\nrow 61: Column ticket_price = Free is not a number so is set to 0\nrow 62: Column ticket_price = Free is not a number so is set to 0\nrow 63: Column ticket_price = Free is not a number so is set to 0\nrow 64: Column ticket_price = Free is not a number so is set to 0\nrow 65: Column ticket_price = Free is not a number so is set to 0\nrow 66: Column ticket_price = Free is not a number so is set to 0\nrow 67: Column ticket_price = Free is not a number so is set to 0\nrow 68: Column ticket_price = Free is not a number so is set to 0\nrow 69: Column ticket_price = Free is not a number so is set to 0\nrow 70: Column ticket_price = Free is not a number so is set to 0\nrow 71: Column ticket_price = Free is not a number so is set to 0\nrow 72: Column ticket_price = Free is not a number so is set to 0\nrow 73: Column ticket_price = Free is not a number so is set to 0\nrow 74: Column ticket_price = Free is not a number so is set to 0\nrow 75: Column ticket_price = Free is not a number so is set to 0\nrow 77: Column ticket_price = Free is not a number so is set to 0\nrow 78: Column ticket_price = Free is not a number so is set to 0\nrow 79: Column ticket_price = Free is not a number so is set to 0\nrow 81: Column ticket_price = Free is not a number so is set to 0\nrow 82: Column ticket_price = Free is not a number so is set to 0\nrow 83: Column ticket_price = Free is not a number so is set to 0\nrow 84: Column ticket_price = Free is not a number so is set to 0\nrow 86: Column ticket_price = Free is not a number so is set to 0\nrow 88: Column ticket_price = Free is not a number so is set to 0\nrow 89: Column ticket_price = Free is not a number so is set to 0\nrow 91: Column ticket_price = Free is not a number so is set to 0\nrow 94: Column ticket_price = Free is not a number so is set to 0\nrow 96: Column ticket_price = Free is not a number so is set to 0\nrow 97: Column ticket_price = Free is not a number so is set to 0\nrow 98: Column ticket_price = Free is not a number so is set to 0\nrow 99: Column ticket_price = Free is not a number so is set to 0\nImported 100 rows to Place','\n',char(10)),'2024-07-04','admin','cms.place');
INSERT INTO csvimport_csvimport VALUES(15,'column1=place_id,column2=place_name,column3=description,column4=district_id,column5=province_id,column6=ticket_price,column7=location,column8=latitude,column9=longitude,column10=how_to_visit,,column11=best_time_to_visit_in_year,,column12=data','csv/Places_AhmRMHx.csv','csv/Places_AhmRMHx.csv','','manual',replace('Manually entered mapping list\nrow 3: Column ticket_price = Free is not a number so is set to 0\nrow 4: Column ticket_price = Free is not a number so is set to 0\nrow 6: Column ticket_price = Free is not a number so is set to 0\nrow 8: Column ticket_price = Free is not a number so is set to 0\nrow 11: Column ticket_price = Free is not a number so is set to 0\nrow 14: Column ticket_price = Free is not a number so is set to 0\nrow 15: Column ticket_price = Free is not a number so is set to 0\nrow 16: Column ticket_price = Free is not a number so is set to 0\nrow 17: Column ticket_price = Free is not a number so is set to 0\nrow 19: Column ticket_price = Free is not a number so is set to 0\nrow 21: Column ticket_price = Free is not a number so is set to 0\nrow 22: Column ticket_price = Free is not a number so is set to 0\nrow 23: Column ticket_price = Free is not a number so is set to 0\nrow 24: Column ticket_price = Free is not a number so is set to 0\nrow 25: Column ticket_price = Free is not a number so is set to 0\nrow 29: Column ticket_price = Free is not a number so is set to 0\nrow 31: Column ticket_price = Free is not a number so is set to 0\nrow 32: Column ticket_price = Free is not a number so is set to 0\nrow 33: Column ticket_price = Free is not a number so is set to 0\nrow 34: Column ticket_price = Free is not a number so is set to 0\nrow 35: Column ticket_price = Free is not a number so is set to 0\nrow 36: Column ticket_price = Free is not a number so is set to 0\nrow 38: Column ticket_price = Free is not a number so is set to 0\nrow 40: Column ticket_price = Free is not a number so is set to 0\nrow 41: Column ticket_price = Free is not a number so is set to 0\nrow 42: Column ticket_price = Free is not a number so is set to 0\nrow 43: Column ticket_price = Free is not a number so is set to 0\nrow 45: Column ticket_price = Free is not a number so is set to 0\nrow 46: Column ticket_price = Free is not a number so is set to 0\nrow 47: Column ticket_price = Free is not a number so is set to 0\nrow 48: Column ticket_price = Free is not a number so is set to 0\nrow 49: Column ticket_price = Free is not a number so is set to 0\nrow 50: Column ticket_price = Free is not a number so is set to 0\nrow 51: Column ticket_price = Free is not a number so is set to 0\nrow 53: Column ticket_price = Free is not a number so is set to 0\nrow 54: Column ticket_price = Free is not a number so is set to 0\nrow 55: Column ticket_price = Free is not a number so is set to 0\nrow 56: Column ticket_price = Free is not a number so is set to 0\nrow 57: Column ticket_price = Free is not a number so is set to 0\nrow 59: Column ticket_price = Free is not a number so is set to 0\nrow 60: Column ticket_price = Free is not a number so is set to 0\nrow 61: Column ticket_price = Free is not a number so is set to 0\nrow 62: Column ticket_price = Free is not a number so is set to 0\nrow 63: Column ticket_price = Free is not a number so is set to 0\nrow 64: Column ticket_price = Free is not a number so is set to 0\nrow 65: Column ticket_price = Free is not a number so is set to 0\nrow 66: Column ticket_price = Free is not a number so is set to 0\nrow 67: Column ticket_price = Free is not a number so is set to 0\nrow 68: Column ticket_price = Free is not a number so is set to 0\nrow 69: Column ticket_price = Free is not a number so is set to 0\nrow 70: Column ticket_price = Free is not a number so is set to 0\nrow 71: Column ticket_price = Free is not a number so is set to 0\nrow 72: Column ticket_price = Free is not a number so is set to 0\nrow 73: Column ticket_price = Free is not a number so is set to 0\nrow 74: Column ticket_price = Free is not a number so is set to 0\nrow 76: Column ticket_price = Free is not a number so is set to 0\nrow 77: Column ticket_price = Free is not a number so is set to 0\nrow 78: Column ticket_price = Free is not a number so is set to 0\nrow 80: Column ticket_price = Free is not a number so is set to 0\nrow 81: Column ticket_price = Free is not a number so is set to 0\nrow 82: Column ticket_price = Free is not a number so is set to 0\nrow 83: Column ticket_price = Free is not a number so is set to 0\nrow 85: Column ticket_price = Free is not a number so is set to 0\nrow 87: Column ticket_price = Free is not a number so is set to 0\nrow 88: Column ticket_price = Free is not a number so is set to 0\nrow 90: Column ticket_price = Free is not a number so is set to 0\nrow 93: Column ticket_price = Free is not a number so is set to 0\nrow 95: Column ticket_price = Free is not a number so is set to 0\nrow 96: Column ticket_price = Free is not a number so is set to 0\nrow 97: Column ticket_price = Free is not a number so is set to 0\nrow 98: Column ticket_price = Free is not a number so is set to 0\nrow 99: Column ticket_price = Free is not a number so is set to 0\nImported 100 rows to Place','\n',char(10)),'2024-07-04','admin','cms.place');
INSERT INTO csvimport_csvimport VALUES(16,'column1=activity_id,column2=activity_name,column3=description,column4=data','csv/Activity.csv','csv/Activity.csv','','manual',replace('Manually entered mapping list\nrow 0: Column activity_id = activity_id	activity_name	description	data is not a number so is set to 0\nrow 1: Column activity_id = 1	Surfing	Riding waves on a surfboard	null is not a number so is set to 0\nDatabase Error: NOT NULL constraint failed: cms_activity.created_at, Number: 0\nrow 2: Column activity_id = 2	Whale Watching	Observing whales in their natural habitat	null is not a number so is set to 0\nDatabase Error: NOT NULL constraint failed: cms_activity.created_at, Number: 0\nrow 3: Column activity_id = 3	Wildlife Safari	Touring parks to see wild animals	null is not a number so is set to 0\nDatabase Error: NOT NULL constraint failed: cms_activity.created_at, Number: 0\nrow 4: Column activity_id = 4	Hiking	"Walking long distances is not a number so is set to 0\nDatabase Error: NOT NULL constraint failed: cms_activity.created_at, Number: 0\nrow 5: Column activity_id = 5	Cultural Tour	Exploring historical and cultural sites	null is not a number so is set to 0\nDatabase Error: NOT NULL constraint failed: cms_activity.created_at, Number: 0\nrow 6: Column activity_id = 6	Bird Watching	Observing birds in their natural environment	null is not a number so is set to 0\nDatabase Error: NOT NULL constraint failed: cms_activity.created_at, Number: 0\nrow 7: Column activity_id = 7	Snorkeling	Swimming near the surface of the water with a snorkel	null is not a number so is set to 0\nDatabase Error: NOT NULL constraint failed: cms_activity.created_at, Number: 0\nrow 8: Column activity_id = 8	Scuba Diving	Diving underwater with a scuba apparatus	null is not a number so is set to 0\nDatabase Error: NOT NULL constraint failed: cms_activity.created_at, Number: 0\nrow 9: Column activity_id = 9	Tea Plantation Tour	Visiting and touring tea plantations	null is not a number so is set to 0\nDatabase Error: NOT NULL constraint failed: cms_activity.created_at, Number: 0\nrow 10: Column activity_id = 10	Beach Relaxation	Relaxing and sunbathing on the beach	null is not a number so is set to 0\nDatabase Error: NOT NULL constraint failed: cms_activity.created_at, Number: 0\nrow 11: Column activity_id = 11	Pilgrimage	Journey to a sacred place as an act of religious devotion	null is not a number so is set to 0\nDatabase Error: NOT NULL constraint failed: cms_activity.created_at, Number: 0\nrow 12: Column activity_id = 12	Shopping	Buying goods from shops and markets	null is not a number so is set to 0\nDatabase Error: NOT NULL constraint failed: cms_activity.created_at, Number: 0\nrow 13: Column activity_id = 13	Cooking Classes	Learning to cook local cuisine	null is not a number so is set to 0\nDatabase Error: NOT NULL constraint failed: cms_activity.created_at, Number: 0\nrow 14: Column activity_id = 14	Temple Visit	Visiting temples and learning about their history	null is not a number so is set to 0\nDatabase Error: NOT NULL constraint failed: cms_activity.created_at, Number: 0\nrow 15: Column activity_id = 15	Kayaking	Paddling a kayak in lakes or rivers	null is not a number so is set to 0\nDatabase Error: NOT NULL constraint failed: cms_activity.created_at, Number: 0\nrow 16: Column activity_id = 16	Cycling	Riding a bicycle for leisure or transport	null is not a number so is set to 0\nDatabase Error: NOT NULL constraint failed: cms_activity.created_at, Number: 0\nrow 17: Column activity_id = 17	Yoga	"Practicing physical is not a number so is set to 0\nDatabase Error: NOT NULL constraint failed: cms_activity.created_at, Number: 0\nrow 18: Column activity_id = 18	Meditation Retreat	Participating in guided meditation sessions	null is not a number so is set to 0\nDatabase Error: NOT NULL constraint failed: cms_activity.created_at, Number: 0\nrow 19: Column activity_id = 19	Photography Tour	Touring locations specifically to take photographs	null is not a number so is set to 0\nDatabase Error: NOT NULL constraint failed: cms_activity.created_at, Number: 0\nrow 20: Column activity_id = 20	Fishing	Catching fish as a sport or leisure activity	null is not a number so is set to 0\nDatabase Error: NOT NULL constraint failed: cms_activity.created_at, Number: 0\nImported 1 rows to Activity','\n',char(10)),'2024-07-04','admin','cms.activity');
INSERT INTO csvimport_csvimport VALUES(17,'column1=activity_id,column2=activity_name,column3=description,column4=data','csv/Activity_Ujrx6Xe.csv','csv/Activity_Ujrx6Xe.csv','','manual',replace('Manually entered mapping list\nImported 20 rows to Activity','\n',char(10)),'2024-07-04','admin','cms.activity');
INSERT INTO csvimport_csvimport VALUES(18,'column1=id,column2=place,column3=activity,column4=description,column5=data','csv/PlaceActivity.csv','csv/PlaceActivity.csv','','manual',replace('Manually entered mapping list\nImported 100 rows to PlaceActivity','\n',char(10)),'2024-07-04','admin','cms.placeactivity');
INSERT INTO csvimport_csvimport VALUES(19,'column1=id,column2=place,column3=activity,column4=description,column5=data','csv/PlaceActivity_oBuxdwS.csv','csv/PlaceActivity_oBuxdwS.csv','','manual',replace('Manually entered mapping list\nImported 0 rows to PlaceActivity','\n',char(10)),'2024-07-04','admin','cms.placeactivity');
INSERT INTO csvimport_csvimport VALUES(20,'column1=id,column2=place_id,column3=activity_id,column4=description,column5=data','csv/PlaceActivity_fnKwEYn.csv','csv/PlaceActivity_fnKwEYn.csv','','manual',replace('Manually entered mapping list\nImported 100 rows to PlaceActivity','\n',char(10)),'2024-07-04','admin','cms.placeactivity');
CREATE TABLE IF NOT EXISTS "csvimport_importmodel" ("id" integer NOT NULL PRIMARY KEY AUTOINCREMENT, "numeric_id" integer unsigned NOT NULL CHECK ("numeric_id" >= 0), "natural_key" varchar(100) NOT NULL, "csvimport_id" bigint NOT NULL REFERENCES "csvimport_csvimport" ("id") DEFERRABLE INITIALLY DEFERRED);
DELETE FROM sqlite_sequence;
INSERT INTO sqlite_sequence VALUES('django_migrations',26);
INSERT INTO sqlite_sequence VALUES('django_admin_log',481);
INSERT INTO sqlite_sequence VALUES('django_content_type',17);
INSERT INTO sqlite_sequence VALUES('auth_permission',68);
INSERT INTO sqlite_sequence VALUES('auth_group',0);
INSERT INTO sqlite_sequence VALUES('auth_user',1);
INSERT INTO sqlite_sequence VALUES('cms_activity',20);
INSERT INTO sqlite_sequence VALUES('cms_placeactivity',100);
INSERT INTO sqlite_sequence VALUES('cms_place',100);
INSERT INTO sqlite_sequence VALUES('cms_district',27);
INSERT INTO sqlite_sequence VALUES('cms_province',9);
INSERT INTO sqlite_sequence VALUES('cms_tag',20);
INSERT INTO sqlite_sequence VALUES('cms_type',25);
INSERT INTO sqlite_sequence VALUES('csvimport_csvimport',20);
INSERT INTO sqlite_sequence VALUES('csvimport_importmodel',0);
CREATE UNIQUE INDEX "auth_group_permissions_group_id_permission_id_0cd325b0_uniq" ON "auth_group_permissions" ("group_id", "permission_id");
CREATE INDEX "auth_group_permissions_group_id_b120cbf9" ON "auth_group_permissions" ("group_id");
CREATE INDEX "auth_group_permissions_permission_id_84c5c92e" ON "auth_group_permissions" ("permission_id");
CREATE UNIQUE INDEX "auth_user_groups_user_id_group_id_94350c0c_uniq" ON "auth_user_groups" ("user_id", "group_id");
CREATE INDEX "auth_user_groups_user_id_6a12ed8b" ON "auth_user_groups" ("user_id");
CREATE INDEX "auth_user_groups_group_id_97559544" ON "auth_user_groups" ("group_id");
CREATE UNIQUE INDEX "auth_user_user_permissions_user_id_permission_id_14a6b632_uniq" ON "auth_user_user_permissions" ("user_id", "permission_id");
CREATE INDEX "auth_user_user_permissions_user_id_a95ead1b" ON "auth_user_user_permissions" ("user_id");
CREATE INDEX "auth_user_user_permissions_permission_id_1fbb5f2c" ON "auth_user_user_permissions" ("permission_id");
CREATE INDEX "django_admin_log_content_type_id_c4bce8eb" ON "django_admin_log" ("content_type_id");
CREATE INDEX "django_admin_log_user_id_c564eba6" ON "django_admin_log" ("user_id");
CREATE UNIQUE INDEX "django_content_type_app_label_model_76bd3d3b_uniq" ON "django_content_type" ("app_label", "model");
CREATE UNIQUE INDEX "auth_permission_content_type_id_codename_01ab375a_uniq" ON "auth_permission" ("content_type_id", "codename");
CREATE INDEX "auth_permission_content_type_id_2f476e4b" ON "auth_permission" ("content_type_id");
CREATE INDEX "cms_emailconfirmation_user_id_c3b7d863" ON "cms_emailconfirmation" ("user_id");
CREATE INDEX "django_session_expire_date_a5c62663" ON "django_session" ("expire_date");
CREATE UNIQUE INDEX "cms_place_types_place_id_type_id_2066ba67_uniq" ON "cms_place_types" ("place_id", "type_id");
CREATE INDEX "cms_place_types_place_id_3c6fccd7" ON "cms_place_types" ("place_id");
CREATE INDEX "cms_place_types_type_id_1911f193" ON "cms_place_types" ("type_id");
CREATE UNIQUE INDEX "cms_place_accommodation_places_nearby_from_place_id_to_place_id_41992ae6_uniq" ON "cms_place_accommodation_places_nearby" ("from_place_id", "to_place_id");
CREATE INDEX "cms_place_accommodation_places_nearby_from_place_id_3a86e951" ON "cms_place_accommodation_places_nearby" ("from_place_id");
CREATE INDEX "cms_place_accommodation_places_nearby_to_place_id_fd70f474" ON "cms_place_accommodation_places_nearby" ("to_place_id");
CREATE UNIQUE INDEX "cms_place_tags_place_id_tag_id_95e0ecd2_uniq" ON "cms_place_tags" ("place_id", "tag_id");
CREATE INDEX "cms_place_tags_place_id_7ea6b93d" ON "cms_place_tags" ("place_id");
CREATE INDEX "cms_place_tags_tag_id_8a0fdadc" ON "cms_place_tags" ("tag_id");
CREATE INDEX "cms_placeactivity_activity_id_89878402" ON "cms_placeactivity" ("activity_id");
CREATE INDEX "cms_placeactivity_place_id_9c2ece36" ON "cms_placeactivity" ("place_id");
CREATE INDEX "cms_place_district_id_c999faa1" ON "cms_place" ("district_id");
CREATE INDEX "cms_place_province_id_8f3933ca" ON "cms_place" ("province_id");
CREATE INDEX "csvimport_importmodel_csvimport_id_5a422b1c" ON "csvimport_importmodel" ("csvimport_id");
COMMIT;
